Temperature,Humidity,Moisture,Soil_Type,Crop_Type,Nitrogen,Potassium,Phosphorus,Fertilizer,Location,pH
28.35,59.12,59.0,Black,Rice,114,62,33,Compost,Belagavi,7.01
25.41,88.77,95.0,Red,Rice,82,62,39,NPK,Uttara Kannada,5.69
25.78,40.78,30.0,Red,Coffee,48,57,16,Farmyard Manure,Vijayapura,5.76
35.56,64.04,40.6,Red,Maize,86,36,30,Compost,Belagavi,5.86
27.66,72.05,21.3,Black,Jowar,38,32,22,NPK,Kolar,7.33
28.84,39.99,40.0,Red,Rice,103,66,45,Compost,Belagavi,6.07
29.5,64.32,20.4,Laterite,Jowar,40,23,21,MOP,Belagavi,5.63
24.8,82.17,88.07,Sandy,Maize,45,45,39,Urea,Mangaluru,6.68
37.49,44.06,53.61,Clay,Rice,76,71,53,NPK,Vijayapura,6.62
23.94,71.11,68.4,Laterite,Coffee,48,64,18,Farmyard Manure,Uttara Kannada,4.98
29.63,32.87,19.21,Laterite,Jowar,35,32,16,NPK,Vijayapura,5.62
22.9,51.54,21.18,Clay,Jowar,51,42,22,Compost,Chikkamagaluru,6.4
19.5,76.84,77.38,Red,Maize,94,43,40,NPK,Mysuru,6.14
26.93,61.46,37.09,Laterite,Jowar,37,43,16,NPK,Hassan,5.74
31.61,47.68,44.31,Red,Maize,78,55,32,Compost,Belagavi,6.42
29.84,56.76,25.58,Sandy,Jowar,34,38,12,Urea,Chikkamagaluru,6.92
24.96,66.86,38.91,Red,Ragi,32,40,26,NPK,Bengaluru,6.29
24.14,71.16,53.34,Clay,Jowar,49,36,16,Urea,Hassan,6.17
32.73,54.76,5.95,Black,Groundnut,32,51,47,DAP,Davangere,8.31
27.89,42.17,36.35,Sandy,Groundnut,30,51,52,DAP,Chikkamagaluru,7.42
26.35,61.2,35.86,Laterite,Groundnut,26,33,60,DAP,Bengaluru,5.75
23.76,58.16,23.23,Laterite,Sunflower,63,58,41,NPK,Mysuru,4.82
26.45,58.96,27.24,Red,Sunflower,51,94,19,DAP,Davangere,5.52
32.2,51.07,27.82,Laterite,Sunflower,49,67,31,Compost,Chikkamagaluru,5.24
23.92,56.49,40.0,Black,Rice,106,83,34,NPK,Hubballi-Dharwad,7.07
26.05,67.17,94.62,Clay,Sugarcane,123,103,39,Farmyard Manure,Hassan,6.39
26.29,79.98,44.71,Laterite,Maize,66,33,20,DAP,Tumakuru,6.12
30.97,65.01,45.18,Laterite,Jowar,51,41,24,Compost,Mysuru,5.91
33.4,49.38,35.77,Sandy,Jowar,52,36,16,NPK,Bengaluru,7.15
25.61,64.77,19.25,Clay,Maize,87,31,34,MOP,Mysuru,7.06
19.51,80.7,95.0,Laterite,Coffee,38,64,23,Farmyard Manure,Mangaluru,6.02
30.06,53.09,41.9,Red,Sunflower,63,71,29,Compost,Davangere,6.24
22.48,72.71,82.37,Sandy,Tur,32,18,24,NPK,Dakshina Kannada,6.83
27.6,46.22,40.78,Clay,Coffee,54,63,19,Farmyard Manure,Raichur,6.03
27.89,77.14,44.45,Red,Jowar,63,38,24,NPK,Uttara Kannada,5.99
26.99,48.9,45.85,Clay,Coffee,44,64,22,Farmyard Manure,Vijayapura,6.89
32.58,42.0,9.98,Red,Ragi,42,24,28,NPK,Raichur,5.94
28.2,58.7,11.73,Black,Ragi,30,33,16,NPK,Hubballi-Dharwad,7.18
26.88,44.76,41.31,Clay,Coffee,52,65,14,Farmyard Manure,Vijayapura,7.06
25.66,51.29,65.31,Sandy,Tur,25,13,31,MOP,Kolar,6.56
27.66,61.12,69.58,Sandy,Cotton,69,62,35,NPK,Hassan,6.26
25.09,65.96,52.72,Black,Groundnut,26,49,63,DAP,Bengaluru,6.9
30.83,64.27,46.14,Sandy,Ragi,31,44,15,Compost,Mysuru,7.36
32.03,36.96,19.87,Red,Maize,59,58,45,Urea,Raichur,5.95
27.93,53.73,8.09,Clay,Jowar,57,42,26,NPK,Vijayapura,6.55
31.8,27.26,52.49,Clay,Sugarcane,151,121,37,Farmyard Manure,Raichur,6.14
25.11,86.44,57.69,Black,Jowar,57,46,19,NPK,Mangaluru,7.87
37.14,55.46,40.0,Clay,Rice,81,62,42,Urea,Chitradurga,6.41
28.62,60.36,52.0,Black,Tur,34,38,36,Urea,Chikkamagaluru,7.36
31.04,33.19,26.19,Black,Cotton,64,65,24,NPK,Raichur,7.18
30.23,48.0,24.46,Black,Maize,69,78,33,Compost,Belagavi,7.83
31.67,46.7,32.14,Red,Maize,91,36,48,NPK,Hubballi-Dharwad,6.23
20.52,66.33,92.81,Red,Coffee,46,68,22,Farmyard Manure,Uttara Kannada,5.3
37.85,49.7,56.17,Black,Sugarcane,115,94,42,MOP,Davangere,7.52
26.91,80.06,78.23,Laterite,Groundnut,19,52,69,Urea,Dakshina Kannada,5.75
30.47,45.85,8.05,Clay,Tur,14,37,20,Urea,Vijayapura,6.42
34.71,38.99,56.74,Clay,Rice,89,70,44,NPK,Bidar,6.71
28.43,67.32,60.0,Black,Jowar,51,41,27,NPK,Mandya,6.31
21.42,72.98,44.87,Red,Ragi,16,23,8,Urea,Tumakuru,6.37
30.0,43.57,50.99,Clay,Coffee,38,78,16,Farmyard Manure,Vijayapura,6.66
35.59,36.43,40.0,Clay,Rice,77,73,48,Compost,Kalaburagi,7.05
35.52,48.27,30.37,Sandy,Maize,71,52,24,DAP,Raichur,6.2
32.6,47.51,21.87,Sandy,Tur,28,33,20,NPK,Davangere,6.55
25.51,65.45,67.23,Clay,Sugarcane,141,126,39,Farmyard Manure,Bengaluru,5.57
32.84,45.65,61.3,Clay,Rice,91,48,44,NPK,Raichur,6.92
24.91,56.86,43.6,Sandy,Ragi,62,24,19,NPK,Kolar,6.79
25.66,48.01,23.49,Sandy,Cotton,84,44,36,MOP,Mandya,7.77
34.82,72.46,40.0,Black,Rice,91,75,45,NPK,Chikkamagaluru,6.67
26.23,73.19,20.66,Red,Groundnut,37,48,32,DAP,Kolar,6.39
27.52,71.9,54.35,Sandy,Cotton,46,56,22,Urea,Tumakuru,6.51
27.98,54.99,58.86,Sandy,Maize,74,30,29,MOP,Bengaluru,6.18
23.64,87.11,74.57,Laterite,Coffee,40,59,20,Farmyard Manure,Dakshina Kannada,5.52
35.97,32.16,53.05,Laterite,Maize,90,65,27,Urea,Chikkamagaluru,5.94
35.88,28.59,19.98,Clay,Jowar,54,56,25,NPK,Kalaburagi,6.91
26.29,64.14,35.07,Black,Coffee,60,79,19,Farmyard Manure,Davangere,7.29
26.37,47.4,82.71,Laterite,Coffee,38,82,20,Farmyard Manure,Hubballi-Dharwad,5.46
25.56,83.39,15.0,Laterite,Jowar,34,35,15,Urea,Mysuru,5.38
20.76,46.81,53.7,Laterite,Coffee,53,51,24,Farmyard Manure,Chikkamagaluru,5.75
34.07,41.45,49.53,Sandy,Rice,67,52,42,Urea,Bidar,7.25
29.76,65.85,5.0,Black,Groundnut,46,55,30,DAP,Belagavi,7.18
36.14,33.74,14.01,Clay,Sunflower,56,76,36,NPK,Raichur,5.96
34.46,36.94,5.0,Sandy,Ragi,36,11,15,MOP,Kalaburagi,7.03
32.33,35.35,51.07,Red,Cotton,72,55,35,NPK,Kalaburagi,6.27
34.84,47.37,30.87,Sandy,Tur,30,30,15,Urea,Chitradurga,6.88
30.5,58.94,32.13,Red,Ragi,64,25,23,Urea,Belagavi,5.8
27.41,85.02,47.04,Laterite,Maize,56,68,56,Urea,Chikkamagaluru,5.23
26.6,74.01,45.38,Laterite,Rice,77,54,38,NPK,Tumakuru,5.55
27.69,65.36,21.59,Sandy,Ragi,37,25,25,Compost,Tumakuru,7.15
19.61,58.7,54.23,Laterite,Coffee,45,65,22,Farmyard Manure,Hubballi-Dharwad,5.9
28.83,81.17,62.62,Sandy,Maize,70,60,38,NPK,Uttara Kannada,6.94
29.45,53.08,34.97,Laterite,Jowar,48,38,17,Urea,Mysuru,5.6
31.73,66.4,51.13,Red,Maize,75,31,36,MOP,Tumakuru,6.39
28.1,60.79,33.58,Clay,Jowar,31,25,13,Urea,Kolar,6.68
29.14,47.85,56.14,Black,Coffee,48,54,24,Farmyard Manure,Raichur,7.86
24.89,81.46,81.16,Black,Rice,99,63,48,NPK,Dakshina Kannada,7.4
27.9,76.27,5.0,Red,Jowar,48,28,13,Compost,Chikkamagaluru,6.24
24.78,64.89,21.13,Clay,Maize,88,53,33,NPK,Hassan,6.43
23.28,86.14,48.6,Sandy,Tur,26,22,20,Urea,Uttara Kannada,6.64
34.21,64.82,52.87,Red,Maize,101,50,28,NPK,Tumakuru,5.89
29.74,56.56,12.06,Laterite,Sunflower,74,67,35,Compost,Belagavi,5.24
30.44,59.18,42.77,Black,Groundnut,49,56,72,DAP,Hubballi-Dharwad,7.16
36.75,38.45,6.78,Clay,Tur,29,22,38,NPK,Ballari,6.92
31.57,50.41,34.63,Black,Groundnut,56,47,51,DAP,Davangere,7.45
23.93,62.94,19.97,Sandy,Groundnut,27,24,64,MOP,Tumakuru,6.21
40.76,42.43,63.9,Red,Maize,84,66,45,Urea,Vijayapura,6.24
35.83,35.29,40.0,Clay,Rice,116,49,28,DAP,Bidar,7.08
27.97,62.67,20.24,Sandy,Maize,76,46,18,DAP,Mysuru,6.34
27.96,78.73,68.06,Laterite,Maize,83,27,32,MOP,Mysuru,5.24
30.78,42.97,49.25,Sandy,Ragi,24,11,27,Urea,Kalaburagi,7.0
17.64,63.82,53.13,Clay,Coffee,46,70,20,Farmyard Manure,Chikkamagaluru,6.52
26.61,56.72,54.38,Laterite,Rice,94,59,46,NPK,Bengaluru,5.9
25.76,32.54,11.98,Red,Ragi,32,34,23,NPK,Bidar,5.68
24.52,81.3,78.05,Sandy,Groundnut,35,33,73,DAP,Uttara Kannada,6.88
35.63,41.39,21.11,Sandy,Cotton,76,44,41,MOP,Bidar,6.62
27.01,77.61,61.07,Black,Groundnut,34,45,60,DAP,Uttara Kannada,7.05
32.26,53.8,51.75,Black,Rice,74,58,27,Urea,Davangere,7.82
25.08,54.42,80.33,Clay,Sugarcane,140,130,46,Farmyard Manure,Bengaluru,6.32
32.95,40.63,30.0,Black,Sugarcane,153,119,49,Farmyard Manure,Bidar,7.93
32.37,42.74,22.17,Red,Cotton,76,50,23,Compost,Raichur,6.39
19.85,67.03,50.65,Laterite,Coffee,38,65,22,Farmyard Manure,Hassan,5.24
32.64,45.57,51.72,Red,Rice,55,64,60,Urea,Kalaburagi,6.23
35.9,38.07,36.27,Black,Tur,39,49,22,NPK,Kalaburagi,6.87
24.39,73.23,58.29,Sandy,Maize,69,45,25,NPK,Udupi,6.37
31.15,36.1,5.0,Clay,Cotton,62,80,41,Compost,Raichur,6.28
33.13,50.84,10.26,Sandy,Tur,34,15,29,NPK,Belagavi,6.15
28.95,76.48,84.04,Clay,Rice,95,66,28,DAP,Uttara Kannada,6.83
30.07,31.37,41.33,Clay,Sugarcane,157,114,51,Farmyard Manure,Bidar,6.72
24.24,52.55,40.0,Clay,Rice,91,54,43,Urea,Hassan,6.39
27.16,84.58,60.0,Red,Ragi,28,38,21,NPK,Dakshina Kannada,5.5
25.06,73.58,37.28,Laterite,Ragi,19,17,22,Urea,Udupi,4.64
25.91,88.41,48.19,Clay,Sugarcane,143,129,60,Farmyard Manure,Udupi,7.21
25.65,75.99,87.48,Red,Sugarcane,101,110,58,Urea,Mangaluru,6.07
26.92,71.54,76.83,Black,Sugarcane,134,102,42,Farmyard Manure,Mysuru,7.4
30.16,60.81,47.15,Red,Rice,70,46,27,Urea,Davangere,6.11
31.92,64.21,22.56,Laterite,Maize,88,40,29,Compost,Mysuru,5.87
34.56,58.5,52.86,Black,Cotton,43,53,37,Urea,Hubballi-Dharwad,7.11
24.17,76.6,22.57,Sandy,Ragi,25,21,27,NPK,Belagavi,7.5
26.99,74.04,82.2,Clay,Sugarcane,121,106,36,Farmyard Manure,Dakshina Kannada,6.15
14.27,61.44,48.68,Clay,Coffee,28,52,26,Urea,Kolar,5.86
28.0,39.39,38.09,Clay,Coffee,34,62,19,Farmyard Manure,Kalaburagi,6.89
31.38,49.58,85.95,Red,Rice,92,72,33,Compost,Davangere,5.61
26.02,50.11,52.92,Black,Cotton,64,76,29,Compost,Belagavi,7.21
25.73,67.01,30.16,Black,Tur,32,52,28,Urea,Hubballi-Dharwad,6.94
32.78,67.23,36.34,Clay,Jowar,57,38,19,NPK,Davangere,5.99
26.34,62.79,36.0,Black,Jowar,62,40,25,Compost,Kolar,7.69
29.58,64.0,23.01,Red,Groundnut,30,35,53,DAP,Belagavi,6.11
27.09,53.06,52.42,Laterite,Tur,33,27,13,DAP,Kolar,6.22
31.87,63.02,56.45,Black,Rice,102,63,47,NPK,Belagavi,7.44
29.77,47.55,27.64,Clay,Jowar,57,64,28,Urea,Kalaburagi,6.59
30.71,43.4,18.41,Red,Maize,70,55,20,DAP,Chitradurga,6.14
21.94,74.75,74.61,Laterite,Coffee,33,53,18,Farmyard Manure,Mangaluru,5.4
27.33,77.85,68.44,Red,Maize,68,60,37,Urea,Mysuru,6.34
18.07,84.81,51.32,Laterite,Ragi,29,31,28,Compost,Udupi,5.09
32.56,69.36,30.85,Sandy,Groundnut,34,40,35,DAP,Hassan,7.47
31.29,56.58,41.04,Black,Sugarcane,133,115,52,Farmyard Manure,Davangere,7.56
34.28,52.81,20.01,Sandy,Maize,65,33,27,MOP,Belagavi,6.03
27.85,51.13,50.8,Black,Maize,108,58,34,Compost,Davangere,7.51
24.33,62.93,58.9,Sandy,Tur,26,18,38,NPK,Tumakuru,7.04
27.24,67.78,25.36,Red,Ragi,36,39,21,Urea,Mandya,5.59
33.15,41.24,40.0,Clay,Rice,73,59,40,Urea,Raichur,7.3
31.9,62.91,59.17,Red,Maize,71,49,20,DAP,Hassan,6.05
27.66,80.74,60.0,Black,Jowar,50,49,23,Compost,Udupi,7.19
26.82,59.11,34.68,Laterite,Ragi,46,35,16,NPK,Mysuru,5.55
29.4,53.11,59.93,Clay,Sugarcane,100,128,46,Urea,Ballari,6.76
25.3,65.38,73.16,Red,Maize,82,55,40,Urea,Belagavi,6.4
21.45,66.53,68.38,Laterite,Coffee,52,44,26,MOP,Mandya,5.4
27.97,95.54,73.69,Red,Tur,32,27,27,Compost,Dakshina Kannada,6.07
36.29,30.7,27.45,Black,Jowar,37,42,21,Urea,Bidar,7.86
31.85,62.42,53.54,Black,Jowar,69,48,21,NPK,Mandya,7.35
27.63,58.76,14.13,Sandy,Ragi,45,19,16,NPK,Hubballi-Dharwad,6.32
31.03,56.76,33.74,Red,Sunflower,52,56,27,NPK,Chitradurga,5.47
23.55,87.85,75.66,Clay,Rice,97,71,34,Urea,Mangaluru,6.7
27.19,63.69,14.92,Sandy,Ragi,44,25,13,Compost,Chitradurga,6.05
24.26,84.47,74.87,Clay,Rice,86,69,46,Urea,Mangaluru,7.4
27.25,61.26,33.99,Clay,Tur,32,37,27,NPK,Hassan,6.76
39.72,39.47,38.13,Red,Maize,75,49,32,Compost,Bidar,6.25
27.23,52.18,26.8,Laterite,Jowar,39,41,26,NPK,Mandya,6.42
27.32,61.48,5.0,Red,Ragi,25,17,19,NPK,Kolar,6.3
33.48,55.97,36.0,Black,Sugarcane,137,115,40,Farmyard Manure,Davangere,7.53
25.96,51.14,44.03,Laterite,Groundnut,32,33,60,DAP,Chikkamagaluru,5.24
31.44,59.33,50.16,Black,Groundnut,45,39,61,DAP,Bengaluru,7.52
29.87,76.12,53.45,Red,Maize,54,47,29,Urea,Chikkamagaluru,5.61
32.49,46.01,42.02,Black,Groundnut,32,49,59,DAP,Vijayapura,7.22
34.64,66.65,56.38,Sandy,Groundnut,32,20,41,MOP,Mandya,6.54
26.44,58.85,33.51,Sandy,Ragi,21,33,17,Urea,Bengaluru,6.83
22.99,78.41,86.5,Sandy,Tur,14,11,20,Urea,Uttara Kannada,7.27
26.44,65.65,67.43,Clay,Rice,92,67,39,NPK,Udupi,5.56
28.0,63.8,34.29,Black,Groundnut,25,62,63,DAP,Tumakuru,7.02
30.08,58.35,40.0,Black,Rice,72,66,41,Urea,Davangere,6.64
18.21,81.44,95.0,Sandy,Coffee,29,59,11,Urea,Mangaluru,5.98
31.58,69.17,57.26,Sandy,Maize,68,52,37,Compost,Dakshina Kannada,6.81
29.69,41.2,43.9,Red,Groundnut,30,45,55,DAP,Bidar,6.34
30.3,80.67,43.69,Black,Rice,101,69,28,DAP,Kolar,7.31
37.42,35.25,31.65,Clay,Sugarcane,105,112,45,Farmyard Manure,Bidar,7.16
22.74,76.08,56.07,Clay,Cotton,88,65,37,Urea,Udupi,6.48
27.86,69.44,69.15,Black,Rice,111,65,39,Compost,Tumakuru,7.6
28.83,48.1,84.59,Clay,Coffee,50,64,27,Farmyard Manure,Chitradurga,6.98
22.68,68.37,23.43,Clay,Jowar,55,43,25,NPK,Tumakuru,6.15
23.31,79.13,47.39,Sandy,Jowar,43,39,19,Compost,Udupi,6.61
32.45,39.04,5.0,Red,Tur,22,28,28,NPK,Kalaburagi,6.41
25.38,53.94,36.18,Black,Maize,84,60,30,NPK,Belagavi,7.2
35.51,41.53,44.34,Clay,Cotton,53,52,28,Urea,Kalaburagi,6.09
25.98,76.95,53.32,Laterite,Ragi,20,26,15,Urea,Udupi,5.88
23.9,48.41,24.26,Sandy,Ragi,35,32,20,Compost,Kolar,6.88
26.52,72.56,29.74,Sandy,Ragi,44,23,4,DAP,Kolar,7.37
35.32,37.1,40.0,Clay,Rice,97,85,34,Urea,Kalaburagi,6.34
29.43,58.75,5.0,Laterite,Maize,78,32,24,DAP,Chikkamagaluru,5.99
23.18,69.98,43.08,Laterite,Coffee,30,60,23,Farmyard Manure,Mysuru,5.14
27.41,62.28,95.0,Red,Rice,75,65,44,Compost,Kolar,5.63
30.3,42.8,8.86,Red,Ragi,14,49,18,Urea,Davangere,6.31
36.53,36.14,40.0,Black,Rice,89,68,34,NPK,Raichur,6.59
25.94,55.81,58.24,Black,Maize,85,58,36,Compost,Belagavi,7.3
28.58,51.82,39.47,Sandy,Cotton,73,53,24,Urea,Hubballi-Dharwad,7.14
29.43,92.76,71.49,Clay,Groundnut,31,49,56,DAP,Dakshina Kannada,7.08
30.16,33.42,13.89,Sandy,Ragi,40,17,26,Compost,Kalaburagi,6.52
28.22,59.95,67.83,Black,Rice,109,71,34,Urea,Chikkamagaluru,7.14
27.1,76.29,95.0,Laterite,Rice,59,53,28,Urea,Uttara Kannada,5.33
26.47,81.72,72.01,Clay,Sugarcane,94,125,46,Urea,Uttara Kannada,6.47
25.41,80.25,58.63,Sandy,Jowar,40,34,21,NPK,Uttara Kannada,6.54
26.22,84.32,64.08,Clay,Rice,91,69,52,NPK,Udupi,6.42
33.15,30.74,15.89,Black,Maize,93,42,60,NPK,Raichur,8.1
24.23,79.49,54.92,Laterite,Tur,15,20,34,Urea,Mangaluru,5.8
23.74,70.67,80.15,Clay,Sugarcane,112,116,43,Farmyard Manure,Mysuru,6.85
25.37,66.36,35.05,Clay,Coffee,40,59,15,Farmyard Manure,Hubballi-Dharwad,6.53
30.03,60.68,53.98,Sandy,Maize,72,51,41,Urea,Chitradurga,6.42
34.06,36.47,18.78,Red,Jowar,56,34,7,DAP,Vijayapura,5.59
34.7,31.96,34.99,Black,Maize,89,47,44,NPK,Vijayapura,7.01
28.39,60.22,60.0,Clay,Jowar,70,47,22,Compost,Tumakuru,6.27
32.19,56.1,50.53,Clay,Rice,89,73,46,NPK,Raichur,6.02
29.46,61.53,20.27,Laterite,Jowar,56,32,16,NPK,Belagavi,5.06
34.84,47.99,62.11,Black,Sugarcane,85,113,53,Urea,Vijayapura,7.3
26.03,64.52,51.82,Black,Groundnut,40,61,64,DAP,Bengaluru,7.22
26.05,78.18,73.7,Clay,Maize,94,67,35,Urea,Uttara Kannada,6.42
25.59,65.56,35.4,Black,Maize,98,69,25,NPK,Kolar,6.85
25.39,51.34,28.25,Red,Maize,94,55,36,NPK,Bengaluru,6.45
31.35,68.79,65.03,Sandy,Maize,76,48,32,Compost,Mandya,6.82
25.07,78.61,45.62,Black,Rice,69,56,33,Urea,Kolar,7.28
33.17,31.7,20.87,Sandy,Ragi,32,25,30,Compost,Raichur,6.45
27.52,67.96,94.23,Clay,Cotton,65,53,45,NPK,Mangaluru,5.92
31.29,65.35,60.53,Black,Sugarcane,144,125,42,Farmyard Manure,Bengaluru,6.79
26.92,81.85,19.41,Sandy,Ragi,48,26,20,Urea,Hassan,5.67
30.04,79.65,67.91,Clay,Rice,77,68,25,DAP,Chikkamagaluru,5.96
28.22,68.62,11.61,Clay,Jowar,54,43,16,Compost,Hassan,6.77
29.37,48.71,5.0,Clay,Jowar,73,50,16,NPK,Belagavi,6.09
22.12,80.68,48.07,Clay,Sunflower,78,57,33,NPK,Udupi,6.18
19.71,72.83,48.76,Red,Sugarcane,120,122,34,DAP,Tumakuru,6.38
24.92,67.64,42.92,Black,Sugarcane,103,97,32,Urea,Tumakuru,7.39
26.14,45.84,30.0,Laterite,Coffee,51,42,8,DAP,Chitradurga,5.51
27.3,82.9,71.3,Laterite,Tur,32,20,27,NPK,Dakshina Kannada,5.72
27.24,62.81,60.03,Black,Rice,89,59,44,NPK,Davangere,7.08
31.33,32.86,17.37,Black,Maize,76,72,39,Compost,Ballari,7.18
27.67,79.97,68.35,Clay,Rice,107,68,38,NPK,Bengaluru,7.39
30.65,59.92,32.67,Laterite,Ragi,37,32,26,Compost,Chikkamagaluru,5.91
25.8,92.17,60.0,Clay,Ragi,44,36,31,Urea,Mangaluru,6.66
25.84,59.61,60.66,Sandy,Maize,114,44,31,NPK,Mandya,7.5
19.6,54.29,63.42,Clay,Coffee,53,55,5,DAP,Hassan,6.46
28.13,53.52,13.84,Clay,Jowar,29,60,19,Urea,Chitradurga,6.61
28.78,82.74,86.84,Sandy,Groundnut,32,37,63,DAP,Udupi,6.46
26.16,43.7,41.22,Clay,Coffee,46,66,24,Farmyard Manure,Bidar,7.25
35.77,34.76,30.0,Clay,Sugarcane,129,127,33,DAP,Kalaburagi,6.84
27.67,61.17,54.62,Clay,Sunflower,56,84,22,NPK,Hassan,6.57
31.66,53.83,54.36,Red,Tur,34,32,28,Compost,Davangere,5.99
23.4,82.73,62.16,Laterite,Groundnut,21,39,59,DAP,Dakshina Kannada,5.36
28.96,52.36,63.65,Sandy,Coffee,45,61,11,Farmyard Manure,Chitradurga,7.04
27.4,38.67,30.0,Black,Coffee,54,66,20,Farmyard Manure,Kalaburagi,7.11
23.68,73.81,86.78,Black,Sugarcane,121,92,52,MOP,Uttara Kannada,6.61
23.71,77.05,54.82,Clay,Coffee,42,64,13,Farmyard Manure,Udupi,6.95
34.37,40.05,35.73,Sandy,Tur,33,20,22,Compost,Vijayapura,6.86
33.24,34.76,46.89,Black,Rice,102,89,30,NPK,Ballari,7.13
29.83,40.3,33.37,Laterite,Groundnut,34,39,37,DAP,Vijayapura,5.42
23.12,47.79,30.0,Clay,Coffee,45,60,22,Farmyard Manure,Raichur,6.43
33.53,41.77,37.31,Sandy,Maize,70,42,32,NPK,Ballari,6.5
30.0,31.09,30.04,Clay,Coffee,40,51,23,Farmyard Manure,Bidar,6.32
27.73,77.26,60.0,Black,Jowar,62,31,19,Compost,Udupi,7.14
28.78,79.3,35.05,Red,Ragi,28,29,21,NPK,Dakshina Kannada,6.62
24.75,78.91,27.41,Clay,Jowar,47,53,24,Urea,Mysuru,6.55
26.64,53.91,30.03,Clay,Jowar,71,45,18,Compost,Ballari,6.21
35.07,57.1,30.84,Black,Sugarcane,129,139,30,DAP,Hubballi-Dharwad,6.73
25.58,78.68,26.39,Sandy,Cotton,63,74,40,NPK,Uttara Kannada,7.3
26.41,34.97,30.0,Clay,Coffee,38,67,23,Farmyard Manure,Kalaburagi,6.38
34.48,59.22,55.24,Red,Maize,99,41,29,NPK,Belagavi,5.45
30.75,47.51,15.3,Red,Sunflower,79,69,28,NPK,Hubballi-Dharwad,5.51
29.26,61.69,49.29,Laterite,Jowar,39,33,20,NPK,Chikkamagaluru,5.78
30.18,35.44,25.03,Red,Groundnut,44,27,47,DAP,Bidar,5.88
31.6,63.46,59.21,Clay,Rice,99,72,55,Urea,Tumakuru,6.61
25.72,53.6,67.43,Red,Rice,113,52,41,NPK,Hubballi-Dharwad,5.52
30.63,78.62,28.57,Black,Cotton,80,92,32,NPK,Mandya,7.47
29.26,62.01,57.09,Sandy,Maize,69,28,32,MOP,Davangere,6.64
27.06,66.84,12.07,Red,Ragi,37,19,14,NPK,Kolar,6.34
32.74,41.85,50.29,Black,Rice,91,63,52,Compost,Kalaburagi,7.43
30.41,56.15,32.63,Red,Maize,72,47,43,Compost,Kolar,6.14
23.57,81.92,66.94,Black,Groundnut,48,34,69,DAP,Uttara Kannada,6.71
36.16,34.08,33.15,Clay,Groundnut,38,45,57,DAP,Raichur,5.84
24.64,58.19,46.54,Clay,Rice,81,49,38,Urea,Chikkamagaluru,6.68
28.27,81.65,18.84,Sandy,Tur,30,27,23,NPK,Mysuru,6.63
32.63,29.47,26.89,Sandy,Cotton,71,57,23,NPK,Bidar,6.98
21.78,71.62,73.25,Black,Rice,109,66,50,Urea,Mangaluru,6.98
26.1,40.04,14.83,Sandy,Ragi,40,24,30,NPK,Davangere,6.59
27.97,89.21,60.0,Sandy,Ragi,34,24,28,Compost,Uttara Kannada,6.83
28.1,24.7,52.76,Clay,Coffee,43,52,19,Farmyard Manure,Vijayapura,5.79
27.29,49.33,35.43,Red,Sunflower,38,51,30,Urea,Chitradurga,5.78
30.84,69.04,21.41,Sandy,Ragi,50,36,27,Compost,Hubballi-Dharwad,6.58
23.78,88.09,95.0,Clay,Rice,89,60,37,NPK,Dakshina Kannada,6.5
31.74,83.8,5.04,Black,Cotton,71,82,30,NPK,Tumakuru,6.92
22.32,78.96,60.0,Clay,Sunflower,44,57,29,Urea,Uttara Kannada,5.79
31.44,43.1,7.72,Black,Maize,57,53,44,Urea,Ballari,7.06
31.17,62.84,53.62,Laterite,Sunflower,71,55,26,Urea,Hassan,5.48
29.81,46.37,16.22,Red,Ragi,38,33,19,Urea,Davangere,6.27
30.25,34.32,40.0,Clay,Rice,113,76,59,Compost,Bidar,6.28
31.15,53.53,14.3,Red,Ragi,36,31,18,NPK,Hubballi-Dharwad,5.8
30.64,54.99,65.85,Clay,Sugarcane,131,117,30,DAP,Hassan,6.23
30.61,51.8,30.13,Black,Maize,83,60,35,NPK,Vijayapura,7.68
28.58,55.9,45.55,Sandy,Ragi,33,20,10,Compost,Mysuru,7.19
26.29,82.81,95.0,Red,Rice,89,49,36,NPK,Udupi,6.0
27.63,81.34,72.21,Clay,Sugarcane,89,85,52,Urea,Mangaluru,6.35
34.09,35.39,19.11,Red,Tur,18,23,25,NPK,Raichur,4.7
28.99,59.21,39.0,Red,Ragi,36,33,25,Compost,Tumakuru,6.47
23.47,70.47,32.65,Laterite,Jowar,55,33,13,Compost,Mysuru,5.39
29.01,51.85,59.59,Clay,Sugarcane,130,127,57,Farmyard Manure,Ballari,7.42
29.62,65.05,40.0,Clay,Rice,102,67,23,DAP,Chitradurga,6.62
22.51,86.22,93.52,Sandy,Tur,28,32,31,NPK,Uttara Kannada,6.75
27.76,70.22,27.93,Clay,Tur,40,19,18,NPK,Hassan,6.78
32.82,45.58,5.0,Clay,Tur,31,26,19,NPK,Bidar,6.73
24.29,55.98,63.86,Clay,Sugarcane,114,101,21,DAP,Hubballi-Dharwad,6.43
25.31,73.12,24.58,Clay,Jowar,35,35,22,Compost,Hassan,6.59
24.55,61.25,42.34,Black,Coffee,57,66,24,Farmyard Manure,Davangere,6.42
28.92,58.33,34.19,Black,Cotton,62,57,32,Compost,Davangere,6.58
33.64,39.98,8.08,Clay,Ragi,50,36,21,Compost,Raichur,7.01
28.44,72.31,43.98,Black,Maize,72,55,33,NPK,Belagavi,7.51
27.53,88.56,75.34,Clay,Sugarcane,112,119,42,Farmyard Manure,Udupi,6.53
27.0,59.22,49.62,Red,Tur,29,45,20,NPK,Mandya,5.61
23.27,58.2,36.97,Red,Cotton,87,43,42,MOP,Belagavi,5.59
28.45,57.58,57.26,Clay,Rice,85,60,34,NPK,Bengaluru,6.37
31.71,40.87,13.12,Sandy,Maize,67,42,31,Compost,Vijayapura,6.34
21.03,62.61,44.15,Black,Maize,43,46,26,Urea,Chikkamagaluru,7.44
26.95,67.33,30.0,Clay,Sugarcane,131,126,58,Farmyard Manure,Davangere,6.36
31.53,45.91,30.0,Clay,Sugarcane,102,116,53,Urea,Bidar,5.98
25.4,61.59,52.07,Laterite,Maize,78,45,22,DAP,Bengaluru,5.79
26.67,65.97,63.79,Laterite,Rice,87,62,43,Compost,Hassan,5.82
25.48,68.45,35.47,Black,Cotton,86,58,28,NPK,Tumakuru,6.95
32.09,80.18,58.82,Sandy,Rice,102,60,56,NPK,Mandya,6.6
35.05,45.49,62.11,Red,Rice,104,71,30,NPK,Bidar,5.71
32.12,40.41,15.88,Sandy,Ragi,41,28,11,NPK,Vijayapura,6.43
33.53,38.72,19.65,Black,Tur,34,33,26,NPK,Bidar,6.65
30.66,57.99,70.68,Sandy,Tur,14,27,19,Urea,Mandya,7.31
23.35,64.11,64.55,Red,Tur,17,28,36,NPK,Davangere,5.6
26.41,81.54,17.52,Clay,Groundnut,28,33,49,DAP,Mandya,7.34
31.78,63.53,19.95,Red,Tur,38,20,20,Compost,Kolar,5.85
26.67,54.71,36.35,Black,Sugarcane,95,113,45,Urea,Davangere,7.6
27.28,49.57,30.33,Red,Groundnut,27,37,63,DAP,Davangere,5.78
27.69,73.59,48.37,Sandy,Maize,87,46,36,NPK,Bengaluru,6.29
33.72,36.46,44.11,Black,Cotton,65,63,31,Compost,Bidar,7.36
29.28,40.66,40.0,Clay,Rice,68,69,49,Urea,Kalaburagi,7.42
22.56,65.49,46.12,Red,Tur,27,20,23,NPK,Kolar,6.43
31.82,37.44,46.37,Clay,Rice,109,74,34,Urea,Raichur,5.96
28.75,53.38,17.39,Black,Jowar,49,46,16,Compost,Belagavi,7.39
22.51,77.75,60.4,Clay,Sugarcane,103,114,53,Urea,Uttara Kannada,6.69
28.34,68.37,34.44,Sandy,Ragi,21,24,12,Urea,Tumakuru,6.51
28.92,75.03,38.96,Clay,Sunflower,63,84,27,NPK,Hubballi-Dharwad,6.56
25.79,61.86,59.07,Red,Rice,93,56,35,Compost,Mandya,6.28
31.21,49.22,40.99,Red,Sunflower,73,68,30,NPK,Belagavi,6.48
32.79,43.77,53.34,Clay,Sugarcane,117,102,26,DAP,Ballari,5.54
24.07,76.25,68.72,Red,Sugarcane,130,131,55,Farmyard Manure,Hassan,5.63
24.49,65.48,43.0,Sandy,Jowar,33,33,19,Urea,Tumakuru,6.3
24.62,76.17,37.73,Sandy,Sugarcane,91,99,56,Urea,Uttara Kannada,6.46
28.21,71.86,32.58,Laterite,Cotton,77,51,28,NPK,Hassan,5.44
26.74,97.31,77.41,Sandy,Groundnut,27,39,52,DAP,Dakshina Kannada,7.1
22.52,66.94,67.68,Laterite,Tur,23,35,26,NPK,Udupi,5.32
27.4,83.41,87.7,Clay,Rice,98,44,45,MOP,Dakshina Kannada,6.86
23.22,81.73,72.61,Laterite,Rice,97,66,35,NPK,Udupi,5.3
22.98,66.28,34.84,Black,Maize,82,56,38,Compost,Bengaluru,7.45
29.38,56.55,50.87,Black,Rice,98,68,33,NPK,Bengaluru,7.72
32.13,63.65,42.26,Laterite,Maize,64,46,32,Urea,Mandya,5.53
34.47,53.89,21.0,Laterite,Maize,67,46,38,Compost,Mysuru,4.71
30.52,42.94,12.15,Black,Maize,85,55,33,Urea,Ballari,7.04
23.45,61.8,49.04,Sandy,Maize,68,32,42,MOP,Mysuru,7.0
26.38,45.14,69.22,Clay,Coffee,51,65,23,Farmyard Manure,Mysuru,6.96
21.41,70.58,83.2,Laterite,Coffee,44,72,22,Farmyard Manure,Udupi,5.56
27.55,46.15,5.53,Laterite,Groundnut,28,25,45,DAP,Chikkamagaluru,5.55
31.15,41.0,16.33,Black,Maize,77,46,34,NPK,Raichur,7.18
28.61,50.44,73.97,Black,Sugarcane,135,133,36,Farmyard Manure,Chikkamagaluru,6.68
31.29,49.09,52.88,Sandy,Groundnut,39,22,51,MOP,Chitradurga,6.72
24.16,58.01,47.35,Clay,Coffee,54,68,11,Farmyard Manure,Mandya,5.78
23.35,86.91,47.3,Laterite,Sunflower,74,71,34,NPK,Mangaluru,5.65
32.7,41.88,60.0,Laterite,Jowar,41,29,20,NPK,Chikkamagaluru,5.31
20.86,79.48,88.83,Clay,Coffee,44,60,12,Farmyard Manure,Mangaluru,6.37
21.54,72.91,35.51,Sandy,Jowar,43,33,28,NPK,Udupi,6.7
35.74,36.0,42.87,Clay,Rice,97,57,50,Urea,Bidar,5.54
26.14,77.71,61.49,Clay,Maize,73,60,39,NPK,Uttara Kannada,6.37
25.64,83.78,36.85,Sandy,Groundnut,36,37,48,DAP,Uttara Kannada,6.87
33.18,33.73,26.96,Laterite,Ragi,43,34,25,NPK,Bidar,5.57
35.22,43.54,46.71,Red,Tur,39,52,34,NPK,Bidar,5.55
26.38,76.71,95.0,Laterite,Sugarcane,104,103,50,Urea,Udupi,5.5
29.46,71.12,52.67,Sandy,Maize,78,42,30,Compost,Bengaluru,6.62
21.58,83.56,11.06,Red,Ragi,33,25,15,NPK,Uttara Kannada,6.63
33.07,36.91,44.81,Black,Maize,88,54,48,Compost,Raichur,6.86
32.05,79.75,26.47,Red,Maize,66,46,36,Compost,Mandya,6.11
27.54,82.75,77.9,Laterite,Maize,69,44,30,NPK,Udupi,5.16
27.61,71.13,10.17,Black,Jowar,56,47,16,NPK,Kolar,7.75
20.92,86.4,81.36,Laterite,Rice,81,42,42,MOP,Dakshina Kannada,5.57
30.62,42.23,10.12,Sandy,Groundnut,26,42,37,DAP,Vijayapura,7.03
21.08,70.32,38.97,Sandy,Coffee,51,58,18,Farmyard Manure,Bengaluru,6.97
32.85,36.46,26.19,Red,Groundnut,35,46,47,DAP,Kalaburagi,5.93
30.49,53.15,9.11,Laterite,Sunflower,81,73,21,Urea,Chitradurga,5.0
28.79,60.28,43.02,Black,Maize,84,65,45,Urea,Mandya,7.17
25.61,85.9,85.71,Sandy,Sugarcane,128,87,28,DAP,Mangaluru,6.79
24.48,71.0,42.82,Laterite,Maize,74,29,26,MOP,Kolar,5.55
31.41,47.73,5.12,Red,Ragi,41,32,19,Compost,Kalaburagi,5.86
26.83,67.7,58.37,Clay,Groundnut,37,45,54,DAP,Tumakuru,5.89
20.44,51.33,34.08,Clay,Coffee,52,58,22,Farmyard Manure,Bidar,6.32
28.35,40.79,54.13,Black,Rice,92,59,48,NPK,Vijayapura,6.58
24.6,86.85,58.37,Red,Cotton,65,43,28,MOP,Udupi,5.87
23.8,65.49,57.37,Clay,Rice,97,62,45,Compost,Mandya,5.78
28.89,58.17,38.95,Black,Cotton,45,77,27,Urea,Davangere,6.57
27.03,69.49,8.08,Sandy,Ragi,33,16,13,NPK,Hassan,6.84
23.43,75.05,95.0,Red,Rice,88,52,48,NPK,Mangaluru,6.62
25.01,65.58,80.92,Clay,Coffee,43,71,8,DAP,Chikkamagaluru,6.5
35.95,36.38,40.55,Black,Rice,96,61,24,DAP,Ballari,7.64
31.1,34.95,5.0,Red,Tur,30,34,7,DAP,Vijayapura,6.03
28.41,71.86,69.21,Black,Sugarcane,104,111,61,Urea,Kolar,6.96
28.27,43.82,30.0,Clay,Coffee,37,66,30,Farmyard Manure,Ballari,6.88
17.91,82.48,61.07,Red,Coffee,45,61,27,Farmyard Manure,Uttara Kannada,6.61
35.9,46.81,40.0,Clay,Rice,95,70,33,NPK,Bidar,6.44
36.01,29.37,17.77,Black,Jowar,44,53,25,NPK,Kalaburagi,7.57
26.08,42.22,25.55,Red,Maize,88,32,35,MOP,Davangere,6.2
26.04,50.54,33.49,Clay,Coffee,48,52,19,Farmyard Manure,Chitradurga,6.43
23.84,69.27,60.0,Sandy,Ragi,47,25,23,Compost,Mangaluru,6.99
28.06,69.33,37.21,Red,Groundnut,31,39,67,DAP,Davangere,5.82
27.18,50.51,5.0,Red,Cotton,70,67,32,Urea,Davangere,6.09
32.19,42.15,12.63,Clay,Groundnut,32,39,71,DAP,Vijayapura,6.51
20.26,79.95,51.91,Sandy,Ragi,20,45,17,Urea,Uttara Kannada,7.63
27.9,67.36,33.35,Sandy,Tur,22,20,25,NPK,Hassan,6.64
27.92,77.53,64.29,Clay,Groundnut,40,33,48,DAP,Uttara Kannada,7.08
32.55,27.82,40.0,Red,Rice,90,43,48,MOP,Vijayapura,6.11
26.62,71.78,43.27,Sandy,Groundnut,28,33,42,DAP,Bengaluru,6.38
26.75,35.14,5.0,Sandy,Maize,89,52,37,NPK,Kalaburagi,7.22
29.89,45.32,59.48,Sandy,Coffee,36,71,19,Farmyard Manure,Hubballi-Dharwad,6.37
33.54,34.86,5.0,Clay,Maize,90,78,26,Compost,Raichur,6.63
32.22,71.25,48.43,Sandy,Ragi,46,28,18,NPK,Hassan,6.83
26.8,54.5,30.21,Black,Jowar,60,38,22,Compost,Chitradurga,7.59
29.55,68.34,68.8,Black,Rice,99,79,55,Urea,Mysuru,7.48
35.45,39.77,50.72,Sandy,Ragi,32,29,18,NPK,Bidar,7.08
32.94,35.57,24.23,Black,Sunflower,54,71,38,Urea,Bidar,7.55
29.96,47.33,5.0,Black,Ragi,48,39,19,Urea,Davangere,6.9
30.74,43.0,30.0,Black,Sugarcane,134,132,40,Farmyard Manure,Belagavi,7.41
35.08,61.66,50.16,Red,Tur,26,33,31,Compost,Mandya,6.83
29.53,45.35,24.2,Clay,Groundnut,32,36,55,DAP,Bidar,6.8
25.09,69.04,39.14,Sandy,Maize,58,45,33,Urea,Mandya,6.49
34.72,39.44,17.82,Clay,Maize,109,42,26,NPK,Kalaburagi,6.76
30.13,67.23,40.43,Black,Groundnut,52,45,34,DAP,Kolar,7.37
23.7,55.17,74.24,Red,Coffee,45,57,17,Farmyard Manure,Hassan,6.32
26.26,31.76,61.53,Red,Coffee,46,59,15,Farmyard Manure,Ballari,6.31
27.8,54.77,37.51,Black,Tur,34,37,19,NPK,Chitradurga,6.52
26.74,82.53,84.65,Sandy,Maize,96,33,43,MOP,Uttara Kannada,6.7
30.21,53.13,48.48,Black,Rice,68,58,45,Urea,Hubballi-Dharwad,6.71
33.86,57.63,49.98,Black,Sugarcane,135,107,38,Farmyard Manure,Hubballi-Dharwad,7.37
22.78,84.63,59.06,Black,Ragi,56,46,19,Compost,Dakshina Kannada,7.44
25.81,53.42,44.11,Clay,Maize,81,81,36,Urea,Bengaluru,6.26
34.74,60.43,10.9,Black,Ragi,46,12,14,MOP,Chitradurga,7.27
28.74,62.48,30.88,Red,Tur,40,26,23,NPK,Mandya,5.81
29.12,47.51,64.53,Clay,Sugarcane,96,85,43,Urea,Davangere,6.15
32.52,31.78,13.17,Sandy,Maize,87,37,42,NPK,Ballari,6.5
32.49,44.53,29.66,Black,Maize,76,56,38,NPK,Kalaburagi,7.71
26.98,84.73,80.68,Clay,Rice,90,57,41,NPK,Mangaluru,6.51
23.67,65.93,53.39,Laterite,Coffee,45,68,31,Farmyard Manure,Chikkamagaluru,5.79
30.34,41.56,38.68,Sandy,Jowar,52,37,24,NPK,Belagavi,6.61
34.02,33.27,51.46,Clay,Rice,90,63,34,Urea,Ballari,5.95
26.75,83.7,67.6,Black,Groundnut,39,55,62,DAP,Mangaluru,7.42
35.76,38.21,42.26,Clay,Rice,85,55,42,NPK,Vijayapura,6.97
23.53,84.69,36.84,Sandy,Ragi,26,14,20,MOP,Dakshina Kannada,6.7
30.46,63.78,33.46,Red,Cotton,71,46,20,Compost,Kolar,6.99
32.58,50.46,51.13,Red,Groundnut,40,43,51,DAP,Davangere,6.09
21.61,88.73,61.53,Black,Coffee,46,63,11,Farmyard Manure,Uttara Kannada,7.18
23.08,48.6,64.96,Laterite,Coffee,40,49,11,Farmyard Manure,Hassan,5.76
28.57,77.48,76.35,Black,Tur,20,35,27,NPK,Uttara Kannada,7.73
30.81,41.01,40.0,Black,Rice,117,65,45,NPK,Kalaburagi,7.18
27.52,87.69,84.32,Black,Rice,96,73,45,NPK,Dakshina Kannada,6.44
33.23,49.46,40.0,Clay,Rice,89,65,33,Urea,Raichur,6.74
33.96,39.84,40.0,Clay,Rice,97,53,44,Compost,Raichur,6.72
31.02,35.26,45.75,Clay,Rice,81,62,29,DAP,Raichur,5.83
33.78,30.32,30.0,Laterite,Sugarcane,136,118,26,DAP,Ballari,5.52
35.39,53.0,40.0,Red,Rice,86,60,37,NPK,Belagavi,6.39
30.47,28.19,35.18,Red,Sugarcane,108,119,51,Farmyard Manure,Vijayapura,5.84
23.95,55.62,18.98,Sandy,Maize,77,42,18,DAP,Tumakuru,6.8
26.37,32.08,50.11,Clay,Coffee,55,54,20,Farmyard Manure,Bidar,6.85
29.43,61.63,56.66,Red,Rice,85,52,44,NPK,Kolar,5.86
31.6,73.98,31.54,Red,Sunflower,66,70,32,Compost,Mandya,5.88
25.22,82.64,54.34,Clay,Ragi,38,35,23,Compost,Mysuru,7.0
30.48,25.29,12.21,Black,Tur,34,28,32,NPK,Raichur,6.83
31.35,59.18,30.0,Clay,Sugarcane,95,134,31,Urea,Hassan,6.55
27.85,70.01,26.26,Laterite,Maize,91,52,21,DAP,Chikkamagaluru,5.6
25.32,89.12,67.3,Black,Rice,92,60,45,NPK,Mandya,7.18
29.36,35.02,30.0,Red,Sugarcane,117,120,47,Farmyard Manure,Raichur,6.12
23.23,78.13,60.0,Red,Ragi,55,30,24,NPK,Uttara Kannada,5.9
23.69,71.34,37.33,Red,Cotton,74,44,28,MOP,Belagavi,6.91
23.3,65.11,26.07,Sandy,Groundnut,35,36,47,DAP,Tumakuru,7.16
38.46,35.19,49.36,Black,Cotton,78,58,29,Urea,Raichur,7.53
26.45,74.24,61.28,Laterite,Coffee,46,57,26,Farmyard Manure,Hassan,5.62
30.39,39.11,65.47,Black,Rice,88,64,46,Urea,Hubballi-Dharwad,7.21
37.02,37.25,40.0,Clay,Rice,111,50,36,Compost,Raichur,6.49
33.1,47.26,41.91,Clay,Rice,114,65,26,DAP,Kalaburagi,6.53
25.73,51.32,48.07,Clay,Rice,91,57,36,Compost,Kolar,6.56
26.76,82.11,56.14,Sandy,Jowar,53,40,14,Compost,Uttara Kannada,7.36
26.28,65.26,57.08,Red,Groundnut,36,58,40,DAP,Tumakuru,5.87
26.83,50.97,60.88,Black,Rice,98,53,36,NPK,Mandya,7.58
29.59,60.51,41.86,Red,Rice,98,56,45,Compost,Belagavi,6.06
33.91,46.95,5.0,Clay,Jowar,58,43,23,Compost,Bidar,6.75
27.82,63.23,28.94,Sandy,Ragi,25,18,15,Compost,Mandya,6.8
26.3,76.82,51.96,Clay,Cotton,71,52,29,Compost,Udupi,6.61
27.81,43.08,5.0,Red,Ragi,56,43,28,NPK,Vijayapura,5.63
26.37,90.81,56.65,Clay,Rice,64,65,44,Urea,Uttara Kannada,6.19
21.51,77.79,80.27,Clay,Sugarcane,117,100,59,Farmyard Manure,Mangaluru,5.89
25.04,69.26,35.04,Sandy,Cotton,60,62,45,Compost,Chikkamagaluru,7.26
31.74,45.27,9.48,Clay,Sunflower,64,75,25,Compost,Kalaburagi,6.33
31.72,31.61,64.05,Red,Sugarcane,120,112,58,Farmyard Manure,Ballari,6.18
31.82,48.78,5.0,Black,Jowar,53,35,17,NPK,Raichur,7.46
29.25,70.24,59.58,Laterite,Groundnut,32,39,57,DAP,Mysuru,5.11
28.38,60.06,94.31,Red,Rice,59,55,46,Urea,Hubballi-Dharwad,6.49
27.98,75.09,93.36,Black,Rice,85,76,43,Compost,Udupi,7.34
25.17,57.81,42.86,Red,Groundnut,15,48,57,Urea,Chitradurga,5.54
26.69,73.52,69.15,Sandy,Groundnut,42,30,60,DAP,Mangaluru,7.04
24.83,63.73,23.19,Clay,Ragi,35,10,13,MOP,Belagavi,6.47
27.85,67.06,32.68,Laterite,Maize,75,39,41,NPK,Kolar,6.26
22.31,53.56,62.99,Red,Coffee,50,61,20,Farmyard Manure,Hubballi-Dharwad,5.61
30.6,54.93,27.23,Sandy,Maize,79,26,37,MOP,Belagavi,6.58
29.22,48.58,31.46,Clay,Coffee,44,72,18,Farmyard Manure,Bidar,6.23
37.21,58.49,15.96,Laterite,Sunflower,45,71,38,NPK,Chitradurga,5.82
21.9,69.96,5.0,Black,Groundnut,42,57,54,DAP,Bengaluru,7.28
28.92,33.67,5.0,Sandy,Maize,73,35,34,NPK,Vijayapura,6.72
22.76,55.11,80.44,Laterite,Sugarcane,115,101,58,Farmyard Manure,Chikkamagaluru,5.3
24.61,91.12,58.58,Sandy,Ragi,36,19,15,Urea,Mangaluru,6.44
35.05,42.41,19.99,Sandy,Maize,66,32,32,MOP,Davangere,7.19
29.67,24.75,5.0,Black,Sunflower,65,59,38,Compost,Vijayapura,7.38
26.25,60.45,55.08,Black,Groundnut,29,43,40,DAP,Mandya,6.92
33.52,34.94,51.5,Black,Rice,87,75,34,NPK,Ballari,6.92
26.61,79.63,83.44,Clay,Cotton,87,62,29,NPK,Mangaluru,7.15
25.63,51.63,5.0,Red,Ragi,47,39,19,NPK,Hubballi-Dharwad,6.14
24.85,72.59,87.85,Sandy,Groundnut,24,36,49,DAP,Mangaluru,6.9
38.0,47.98,12.1,Clay,Jowar,47,41,17,Urea,Vijayapura,6.09
29.39,55.74,26.0,Black,Tur,39,35,16,NPK,Davangere,7.2
25.4,68.08,41.46,Red,Jowar,47,39,19,Compost,Bengaluru,5.81
31.85,60.83,40.55,Laterite,Groundnut,34,30,53,DAP,Chikkamagaluru,5.35
24.02,53.34,44.57,Clay,Coffee,40,50,12,Farmyard Manure,Chitradurga,6.66
30.93,33.83,63.01,Black,Sugarcane,141,108,42,Farmyard Manure,Vijayapura,7.65
29.5,85.15,74.02,Clay,Rice,102,69,44,Compost,Mangaluru,6.0
21.24,81.8,67.33,Black,Rice,117,64,47,Compost,Dakshina Kannada,7.34
26.52,85.01,29.17,Clay,Maize,77,70,47,NPK,Kolar,6.99
32.51,44.21,40.0,Clay,Rice,95,69,36,NPK,Bidar,6.75
28.42,62.05,5.0,Black,Jowar,51,56,10,NPK,Hubballi-Dharwad,7.07
26.92,61.42,67.52,Clay,Rice,86,53,37,Compost,Hassan,5.72
32.56,40.18,30.0,Laterite,Sugarcane,90,144,51,Urea,Kalaburagi,5.5
25.43,62.28,40.28,Clay,Coffee,35,68,23,Farmyard Manure,Bengaluru,6.37
27.34,60.52,31.61,Red,Jowar,43,42,16,Compost,Belagavi,5.98
31.67,60.91,5.0,Red,Ragi,39,45,21,NPK,Mandya,5.82
34.68,48.25,63.15,Red,Tur,22,31,30,NPK,Kalaburagi,5.67
27.03,62.44,65.07,Sandy,Sugarcane,130,95,26,DAP,Mandya,7.43
26.47,65.66,33.21,Black,Ragi,55,43,19,NPK,Mandya,7.04
30.73,49.36,44.88,Laterite,Maize,94,39,31,Urea,Chitradurga,5.79
26.12,62.87,37.42,Red,Jowar,48,40,20,NPK,Tumakuru,5.66
23.16,79.11,79.32,Black,Sugarcane,113,135,31,DAP,Uttara Kannada,7.0
25.39,58.94,27.28,Clay,Groundnut,37,44,53,DAP,Mysuru,6.28
28.87,56.17,51.95,Black,Maize,74,49,36,Urea,Davangere,7.58
22.83,83.04,60.0,Sandy,Ragi,45,25,11,Urea,Mangaluru,6.55
24.37,52.72,55.29,Clay,Rice,85,55,54,Compost,Chitradurga,6.26
33.5,48.39,40.0,Clay,Rice,63,57,42,Urea,Davangere,7.1
25.83,75.35,60.0,Red,Ragi,40,15,11,Urea,Bengaluru,6.15
27.87,64.2,34.18,Clay,Groundnut,37,49,53,DAP,Bengaluru,6.61
32.78,38.63,5.0,Black,Jowar,63,31,17,NPK,Ballari,7.3
22.66,81.58,77.08,Black,Cotton,69,62,21,Compost,Uttara Kannada,7.44
30.0,30.12,40.75,Clay,Coffee,53,70,14,Farmyard Manure,Bidar,6.52
23.82,86.2,49.55,Black,Cotton,71,73,38,NPK,Udupi,8.0
23.56,54.95,55.48,Clay,Coffee,50,82,23,Farmyard Manure,Hassan,5.63
26.56,75.07,87.32,Clay,Rice,90,65,25,DAP,Dakshina Kannada,5.82
25.7,60.53,27.69,Laterite,Tur,27,39,19,NPK,Chikkamagaluru,5.74
28.39,57.89,71.02,Clay,Coffee,63,74,14,Farmyard Manure,Bengaluru,6.09
25.92,82.43,95.0,Clay,Maize,58,34,29,Urea,Dakshina Kannada,6.56
28.33,42.91,30.0,Clay,Sugarcane,133,105,23,DAP,Vijayapura,6.38
25.11,67.7,71.16,Black,Rice,99,78,43,NPK,Tumakuru,7.23
25.84,74.62,44.6,Sandy,Cotton,81,41,34,MOP,Udupi,6.84
30.46,53.71,10.23,Laterite,Ragi,41,35,25,Urea,Ballari,5.57
22.29,73.65,60.57,Black,Sugarcane,143,106,26,DAP,Mandya,7.13
22.31,68.37,38.59,Black,Coffee,47,74,16,Farmyard Manure,Davangere,6.45
28.43,54.43,61.67,Sandy,Maize,76,44,37,NPK,Kolar,7.15
19.64,50.98,52.02,Clay,Coffee,56,53,22,Farmyard Manure,Bengaluru,6.18
31.33,47.57,25.71,Sandy,Jowar,59,41,14,NPK,Kalaburagi,6.7
30.46,63.06,48.48,Laterite,Groundnut,36,41,53,DAP,Mandya,5.35
27.41,65.2,34.25,Sandy,Groundnut,38,39,47,DAP,Mandya,6.62
30.13,71.96,61.75,Clay,Cotton,79,55,36,Compost,Dakshina Kannada,6.63
30.0,36.67,54.81,Red,Coffee,37,43,16,MOP,Bidar,6.92
26.37,57.01,59.0,Red,Ragi,31,31,30,NPK,Bengaluru,6.7
25.28,80.83,45.37,Sandy,Maize,69,38,37,Urea,Uttara Kannada,7.02
29.24,58.74,9.31,Black,Ragi,29,21,17,Compost,Belagavi,6.98
30.6,63.75,42.19,Black,Groundnut,32,54,49,DAP,Davangere,7.3
26.0,80.21,56.34,Sandy,Tur,33,16,25,Compost,Udupi,6.56
23.01,60.69,47.21,Red,Ragi,23,35,23,Urea,Chikkamagaluru,6.33
32.91,48.96,28.88,Clay,Jowar,41,42,14,Compost,Davangere,6.51
32.09,45.98,30.12,Clay,Cotton,90,69,48,Compost,Kalaburagi,6.52
32.17,54.96,49.52,Red,Ragi,45,24,30,Urea,Hubballi-Dharwad,6.17
33.46,43.17,50.61,Black,Maize,74,70,26,Compost,Raichur,7.82
33.8,39.33,30.0,Black,Sugarcane,121,117,53,Farmyard Manure,Ballari,7.32
29.24,65.93,60.44,Clay,Sugarcane,110,96,29,DAP,Mandya,6.57
30.1,60.3,69.5,Clay,Rice,86,51,25,DAP,Mandya,6.64
28.2,32.58,79.02,Clay,Coffee,53,64,23,Farmyard Manure,Bidar,7.09
27.43,67.42,29.3,Laterite,Jowar,36,36,13,Compost,Mandya,5.51
22.76,72.07,24.31,Laterite,Groundnut,40,45,49,DAP,Mysuru,5.11
31.8,80.14,55.8,Clay,Rice,84,56,35,NPK,Bengaluru,6.36
26.52,57.66,32.33,Black,Sunflower,45,87,17,DAP,Kolar,6.67
28.57,47.95,18.36,Sandy,Ragi,22,25,9,Urea,Kalaburagi,6.71
30.2,82.17,63.41,Laterite,Maize,92,50,30,NPK,Uttara Kannada,5.86
28.41,67.57,22.28,Laterite,Sunflower,60,87,22,Urea,Hassan,5.11
27.12,62.9,39.44,Black,Sugarcane,100,92,53,Urea,Hassan,7.49
32.42,55.71,49.61,Black,Groundnut,51,64,38,DAP,Hubballi-Dharwad,6.46
23.81,72.17,68.62,Black,Sugarcane,94,73,41,Urea,Mangaluru,7.39
34.98,29.61,5.0,Black,Maize,92,50,41,NPK,Ballari,7.19
25.63,75.28,60.66,Laterite,Tur,27,18,29,Compost,Hassan,6.21
30.34,31.99,40.0,Clay,Rice,78,53,49,NPK,Vijayapura,6.44
29.9,85.03,43.26,Sandy,Sunflower,52,77,33,NPK,Uttara Kannada,6.39
25.56,81.28,44.99,Sandy,Ragi,33,23,23,Compost,Tumakuru,6.37
26.61,80.92,72.64,Laterite,Rice,86,63,37,NPK,Dakshina Kannada,5.39
24.87,83.99,66.41,Black,Sugarcane,119,124,60,Farmyard Manure,Dakshina Kannada,7.37
34.42,41.8,42.1,Sandy,Cotton,91,44,23,MOP,Ballari,7.21
29.7,60.07,49.28,Sandy,Cotton,82,63,24,NPK,Kolar,6.37
36.22,48.71,59.63,Clay,Sugarcane,102,111,55,Urea,Chitradurga,6.99
32.98,31.92,69.03,Clay,Rice,101,65,44,NPK,Vijayapura,6.26
27.81,62.02,37.19,Red,Cotton,86,55,31,NPK,Chitradurga,5.75
35.08,46.81,34.36,Black,Maize,82,77,24,DAP,Bidar,7.53
28.02,31.02,40.0,Black,Rice,102,61,39,Compost,Vijayapura,7.38
28.66,38.28,40.0,Black,Rice,98,70,35,Compost,Kalaburagi,7.26
31.14,34.6,40.0,Clay,Rice,82,71,39,NPK,Kalaburagi,6.3
33.79,36.39,23.1,Clay,Tur,31,39,16,NPK,Bidar,6.8
20.8,63.31,32.02,Clay,Tur,39,32,25,Urea,Hassan,6.38
20.25,84.43,69.63,Clay,Coffee,45,63,17,Farmyard Manure,Udupi,6.71
32.44,46.99,12.05,Clay,Jowar,51,37,25,Compost,Kalaburagi,5.98
23.31,76.7,72.65,Sandy,Maize,93,38,30,NPK,Udupi,5.75
28.67,64.7,33.59,Laterite,Coffee,37,63,17,Farmyard Manure,Belagavi,4.92
33.29,35.05,30.45,Black,Maize,89,63,46,Compost,Kalaburagi,7.92
23.28,77.08,94.2,Clay,Coffee,46,77,16,Farmyard Manure,Mangaluru,6.63
25.01,73.3,25.37,Sandy,Ragi,33,7,23,MOP,Tumakuru,7.1
29.11,84.99,41.58,Clay,Tur,22,27,26,Compost,Tumakuru,6.88
28.99,74.98,49.42,Laterite,Jowar,45,46,20,Urea,Kolar,5.31
25.05,58.91,59.04,Black,Rice,91,66,48,Compost,Kolar,7.19
32.78,49.14,5.0,Clay,Maize,89,54,53,NPK,Bidar,7.18
30.04,42.81,61.18,Clay,Rice,101,66,46,Compost,Ballari,5.68
20.69,87.52,54.18,Sandy,Sunflower,79,58,8,DAP,Dakshina Kannada,6.66
25.41,61.06,31.44,Laterite,Groundnut,18,49,33,Urea,Bengaluru,5.8
31.99,36.28,5.0,Clay,Jowar,64,50,25,NPK,Bidar,6.55
22.43,78.82,35.1,Laterite,Maize,93,30,41,MOP,Uttara Kannada,5.02
30.8,53.94,15.19,Sandy,Groundnut,48,35,44,DAP,Davangere,7.26
26.47,47.1,34.32,Clay,Coffee,54,76,25,Farmyard Manure,Bidar,6.22
32.79,46.31,58.18,Clay,Sugarcane,122,106,27,DAP,Vijayapura,6.11
28.14,47.04,42.21,Black,Coffee,54,59,22,Farmyard Manure,Davangere,7.57
26.72,72.64,60.0,Sandy,Sunflower,58,37,34,MOP,Udupi,7.55
32.39,47.88,5.0,Sandy,Tur,29,29,22,NPK,Vijayapura,7.01
31.26,34.23,5.7,Red,Ragi,32,33,17,NPK,Vijayapura,5.48
21.89,54.24,20.78,Clay,Jowar,41,45,12,Urea,Hubballi-Dharwad,5.88
28.7,67.06,60.26,Clay,Rice,101,67,39,NPK,Hassan,6.12
28.96,58.61,46.84,Laterite,Jowar,55,31,17,NPK,Bengaluru,5.67
33.25,36.87,5.0,Red,Sunflower,62,74,25,NPK,Bidar,6.05
29.42,47.51,28.82,Red,Jowar,49,40,20,NPK,Davangere,5.61
23.3,60.87,40.33,Laterite,Sugarcane,131,93,46,MOP,Bengaluru,5.26
30.4,63.78,37.5,Black,Maize,52,44,35,Urea,Kolar,7.44
33.33,51.69,35.49,Black,Tur,41,47,34,Compost,Belagavi,7.31
25.33,58.29,49.64,Red,Sunflower,66,63,37,NPK,Tumakuru,6.18
28.15,56.64,60.0,Laterite,Jowar,62,33,21,Urea,Hassan,5.65
40.34,32.8,5.0,Black,Maize,79,47,28,NPK,Vijayapura,6.82
34.3,36.3,40.0,Black,Rice,88,73,43,Compost,Vijayapura,7.45
27.05,78.83,69.46,Clay,Maize,102,56,50,Urea,Mangaluru,7.16
31.43,39.76,58.06,Clay,Rice,86,55,32,Compost,Kalaburagi,5.78
30.61,65.07,38.03,Black,Jowar,51,56,26,Urea,Mandya,6.55
23.26,80.04,75.03,Sandy,Maize,61,65,21,Urea,Mangaluru,7.53
20.74,42.39,60.08,Black,Rice,86,52,44,Compost,Chikkamagaluru,6.87
20.68,64.84,77.84,Sandy,Rice,85,84,39,NPK,Hassan,7.12
28.81,64.94,58.59,Sandy,Coffee,33,45,27,Farmyard Manure,Hassan,7.52
22.46,83.24,60.0,Red,Jowar,44,38,19,NPK,Dakshina Kannada,6.32
31.72,46.67,5.0,Clay,Jowar,43,41,21,Compost,Ballari,6.25
27.25,91.6,68.85,Sandy,Maize,89,39,28,Urea,Mangaluru,6.27
36.77,47.86,56.52,Black,Rice,76,67,44,NPK,Bidar,7.14
28.48,41.26,30.0,Clay,Sugarcane,122,95,38,Farmyard Manure,Raichur,6.51
26.91,79.8,80.17,Black,Tur,39,44,23,Compost,Mangaluru,6.99
23.13,60.72,42.43,Clay,Ragi,34,40,21,Urea,Hassan,6.53
37.62,42.23,13.49,Black,Tur,31,33,32,NPK,Bidar,6.83
25.53,61.04,40.0,Clay,Rice,98,43,34,MOP,Tumakuru,5.97
15.91,65.6,51.99,Laterite,Cotton,60,45,30,NPK,Mysuru,5.17
35.41,36.99,5.48,Clay,Maize,97,35,42,Compost,Ballari,6.93
26.59,72.09,53.78,Laterite,Groundnut,36,37,61,DAP,Mangaluru,5.24
25.31,84.15,65.27,Red,Groundnut,41,40,51,DAP,Uttara Kannada,5.76
26.42,65.19,45.78,Sandy,Groundnut,20,28,49,DAP,Mysuru,6.33
32.97,40.86,24.78,Black,Cotton,72,73,24,Compost,Bidar,7.0
32.34,59.2,31.64,Clay,Tur,22,38,19,Compost,Chitradurga,6.03
27.61,54.97,42.19,Clay,Sugarcane,139,130,39,Farmyard Manure,Tumakuru,6.88
28.17,30.44,10.98,Red,Jowar,37,60,20,NPK,Bidar,5.19
25.78,83.56,86.28,Clay,Tur,38,36,38,NPK,Udupi,6.63
29.25,56.85,59.02,Clay,Rice,96,73,44,NPK,Hubballi-Dharwad,7.22
30.06,54.55,58.81,Black,Rice,118,51,50,NPK,Chitradurga,6.83
23.22,76.49,61.36,Sandy,Coffee,36,50,13,Farmyard Manure,Mangaluru,7.1
26.82,80.33,58.61,Black,Maize,76,70,39,Urea,Udupi,7.7
33.38,65.98,29.33,Red,Groundnut,35,38,46,DAP,Chikkamagaluru,6.64
19.8,88.19,80.88,Laterite,Maize,87,68,39,NPK,Udupi,5.15
31.5,62.14,5.0,Clay,Jowar,61,45,16,NPK,Chitradurga,6.9
20.96,79.15,39.59,Laterite,Jowar,54,58,10,NPK,Kolar,5.47
36.11,50.73,43.65,Clay,Maize,98,59,42,NPK,Chitradurga,6.53
24.0,57.17,47.45,Sandy,Maize,92,55,27,NPK,Mysuru,6.63
34.01,40.0,39.78,Sandy,Ragi,50,11,8,DAP,Davangere,6.75
27.1,75.93,70.33,Sandy,Coffee,42,61,20,Farmyard Manure,Udupi,6.13
28.23,69.22,46.52,Laterite,Maize,48,46,30,Urea,Tumakuru,5.31
31.59,75.93,21.71,Clay,Jowar,45,27,14,Compost,Mandya,6.35
29.14,46.76,17.17,Red,Cotton,93,78,30,NPK,Davangere,5.84
26.72,80.78,95.0,Black,Rice,102,63,39,NPK,Udupi,7.74
34.52,78.92,15.28,Laterite,Tur,24,23,37,Urea,Kolar,5.41
35.16,51.98,26.18,Sandy,Ragi,47,28,26,Compost,Kalaburagi,6.19
25.3,74.47,58.38,Clay,Rice,102,82,31,Urea,Kolar,6.21
30.04,53.37,81.77,Red,Cotton,69,61,29,Compost,Belagavi,6.26
22.61,80.83,71.22,Black,Sugarcane,133,124,24,DAP,Dakshina Kannada,7.04
28.13,53.5,16.73,Red,Ragi,38,14,20,MOP,Chitradurga,5.41
22.44,79.86,46.36,Clay,Coffee,57,76,21,Farmyard Manure,Chikkamagaluru,6.51
29.98,39.42,53.73,Clay,Sugarcane,122,128,37,Farmyard Manure,Kalaburagi,6.76
33.83,29.06,52.51,Black,Sugarcane,154,135,51,Farmyard Manure,Bidar,6.26
32.13,58.84,30.79,Sandy,Maize,73,42,40,NPK,Davangere,7.49
28.13,56.67,55.11,Laterite,Rice,82,56,30,NPK,Hassan,5.38
21.13,76.24,50.33,Red,Tur,24,24,18,NPK,Dakshina Kannada,6.45
29.49,59.03,5.0,Red,Jowar,42,40,22,Compost,Mandya,5.57
27.93,46.06,58.09,Clay,Maize,86,59,22,DAP,Belagavi,6.45
28.28,73.09,19.87,Clay,Sunflower,89,60,47,Compost,Hassan,7.27
19.39,78.37,74.26,Clay,Coffee,43,56,17,Farmyard Manure,Uttara Kannada,6.71
30.89,31.02,31.81,Sandy,Cotton,87,54,39,NPK,Raichur,6.74
28.42,55.47,60.0,Black,Sunflower,56,84,23,Compost,Hassan,7.58
30.19,40.65,46.03,Red,Groundnut,28,50,39,DAP,Raichur,6.28
33.87,42.62,53.73,Clay,Rice,88,60,43,Urea,Ballari,6.63
27.53,58.93,88.98,Red,Rice,96,67,35,Compost,Chikkamagaluru,5.59
38.23,39.23,40.38,Clay,Sugarcane,134,122,28,DAP,Kalaburagi,5.6
33.42,41.42,6.55,Red,Groundnut,45,42,45,DAP,Vijayapura,5.44
31.07,60.78,23.72,Laterite,Maize,74,47,30,NPK,Chikkamagaluru,5.26
31.87,42.06,5.0,Clay,Ragi,41,33,25,NPK,Vijayapura,7.38
30.92,74.9,61.7,Clay,Rice,76,73,32,NPK,Hassan,6.12
20.35,58.21,58.71,Sandy,Rice,89,56,30,Urea,Hassan,6.96
25.6,67.72,40.59,Laterite,Groundnut,35,46,57,DAP,Hassan,5.06
24.76,90.38,17.48,Clay,Jowar,53,48,18,Urea,Udupi,6.83
21.22,93.62,59.11,Laterite,Jowar,50,25,25,NPK,Mangaluru,5.66
35.18,55.97,52.63,Black,Sugarcane,125,128,30,DAP,Hubballi-Dharwad,7.26
26.34,51.54,40.0,Clay,Rice,71,56,47,Urea,Davangere,6.18
31.83,56.23,20.88,Black,Jowar,56,43,26,Compost,Davangere,6.61
27.88,40.62,18.4,Red,Maize,74,42,20,DAP,Ballari,5.88
30.49,48.85,31.54,Black,Groundnut,37,32,51,DAP,Kalaburagi,7.34
33.65,41.46,30.0,Clay,Sugarcane,137,133,48,Farmyard Manure,Vijayapura,6.49
28.94,56.89,58.43,Red,Ragi,30,34,19,NPK,Kolar,5.9
22.15,87.06,77.33,Clay,Rice,69,63,35,Urea,Udupi,5.56
31.6,30.0,42.84,Clay,Cotton,80,55,35,Urea,Kalaburagi,6.08
30.0,32.73,49.52,Red,Coffee,51,71,19,Farmyard Manure,Raichur,5.19
29.98,67.04,43.07,Red,Tur,26,24,26,Urea,Mandya,5.64
28.09,65.12,61.47,Clay,Rice,92,60,33,Urea,Davangere,6.03
31.03,39.28,44.26,Black,Groundnut,39,52,48,DAP,Belagavi,7.14
33.69,33.98,11.68,Red,Maize,88,47,28,Compost,Ballari,6.59
27.17,69.92,18.67,Black,Cotton,71,64,16,DAP,Davangere,7.06
30.57,56.75,63.93,Laterite,Sugarcane,137,105,40,Farmyard Manure,Chitradurga,5.69
33.29,49.06,53.16,Black,Rice,92,61,36,Urea,Davangere,8.03
30.23,38.59,47.66,Clay,Rice,79,61,34,NPK,Chitradurga,5.06
25.49,76.1,51.55,Clay,Sunflower,65,61,27,NPK,Udupi,7.34
28.81,82.46,43.58,Clay,Sunflower,81,59,36,Compost,Udupi,6.85
29.41,59.37,48.74,Clay,Rice,77,50,43,Compost,Chitradurga,6.4
22.75,75.09,86.24,Clay,Coffee,49,46,30,Farmyard Manure,Uttara Kannada,6.54
21.79,70.3,60.0,Clay,Jowar,53,31,20,NPK,Udupi,6.36
33.03,45.28,45.9,Clay,Sugarcane,110,119,51,Farmyard Manure,Vijayapura,6.18
20.59,76.16,60.0,Red,Ragi,24,27,24,Urea,Udupi,5.29
27.04,75.51,73.11,Clay,Rice,90,78,52,Compost,Tumakuru,6.58
29.46,57.71,38.04,Sandy,Ragi,39,16,17,Compost,Tumakuru,6.65
30.05,78.71,34.31,Sandy,Jowar,25,31,18,Urea,Kolar,6.36
32.77,70.54,11.75,Red,Ragi,51,22,23,NPK,Bengaluru,5.51
33.74,43.0,50.85,Black,Cotton,80,68,29,Urea,Raichur,7.04
33.53,30.9,15.5,Sandy,Tur,22,29,28,NPK,Vijayapura,6.83
30.0,32.89,37.16,Clay,Coffee,39,46,31,Farmyard Manure,Ballari,6.3
28.23,74.65,45.03,Laterite,Coffee,43,53,16,Farmyard Manure,Chikkamagaluru,6.3
29.08,59.23,72.05,Red,Rice,74,59,38,Urea,Belagavi,6.35
27.17,71.24,78.12,Laterite,Sugarcane,107,115,50,Farmyard Manure,Tumakuru,5.71
26.0,88.04,67.92,Clay,Rice,103,70,25,DAP,Uttara Kannada,6.69
30.86,64.54,47.12,Laterite,Tur,31,24,28,NPK,Mysuru,5.57
33.18,45.52,52.68,Red,Groundnut,34,43,56,DAP,Chitradurga,5.69
27.06,73.4,53.81,Sandy,Groundnut,36,38,47,DAP,Dakshina Kannada,6.73
26.41,82.68,60.0,Sandy,Jowar,43,32,19,NPK,Udupi,6.62
30.42,60.3,40.0,Black,Rice,108,67,44,Urea,Hubballi-Dharwad,7.45
27.49,62.45,77.84,Clay,Rice,86,78,36,Compost,Mandya,6.63
29.3,54.48,37.29,Clay,Jowar,54,43,14,Urea,Hubballi-Dharwad,6.07
25.38,55.99,32.19,Red,Groundnut,30,50,45,DAP,Mandya,6.45
31.32,57.14,22.41,Black,Groundnut,36,51,35,DAP,Davangere,7.72
27.29,52.8,45.9,Clay,Rice,71,61,49,Urea,Chitradurga,5.63
29.75,58.72,21.49,Black,Cotton,61,91,29,NPK,Chitradurga,6.66
25.71,65.68,40.0,Black,Rice,80,59,40,Compost,Tumakuru,7.29
28.38,62.64,39.56,Clay,Cotton,74,74,32,NPK,Mysuru,6.74
21.7,94.01,61.21,Sandy,Groundnut,30,38,45,DAP,Udupi,6.7
25.54,71.91,93.5,Clay,Coffee,52,54,16,Farmyard Manure,Dakshina Kannada,5.92
25.68,56.54,28.89,Laterite,Sunflower,64,67,11,DAP,Hassan,5.45
26.92,47.71,63.84,Red,Groundnut,12,35,42,Urea,Tumakuru,6.77
26.69,37.83,5.0,Black,Ragi,34,26,18,NPK,Hubballi-Dharwad,7.07
29.86,71.31,35.56,Laterite,Maize,69,34,26,MOP,Bengaluru,5.33
31.78,49.28,37.59,Laterite,Groundnut,36,26,58,DAP,Raichur,5.5
23.92,57.1,52.34,Sandy,Cotton,62,51,43,NPK,Kolar,6.24
27.15,90.6,91.2,Clay,Coffee,44,49,20,Farmyard Manure,Dakshina Kannada,6.17
36.09,33.74,40.0,Clay,Rice,92,68,38,NPK,Bidar,6.59
26.44,64.23,58.07,Clay,Coffee,27,58,17,Urea,Chitradurga,5.75
34.81,46.45,40.0,Clay,Rice,91,76,43,Compost,Kalaburagi,6.5
25.96,51.38,47.9,Laterite,Coffee,47,44,22,MOP,Davangere,5.56
24.49,81.05,60.0,Black,Sunflower,67,98,32,Compost,Uttara Kannada,6.59
29.63,42.06,53.19,Sandy,Rice,79,53,27,DAP,Davangere,6.17
28.88,78.32,41.46,Red,Jowar,44,31,10,Compost,Kolar,5.56
28.71,54.91,30.0,Sandy,Sugarcane,148,93,51,MOP,Chikkamagaluru,6.75
28.01,84.1,93.88,Clay,Rice,81,52,28,DAP,Uttara Kannada,5.7
19.29,89.6,95.0,Laterite,Coffee,42,57,20,Farmyard Manure,Udupi,4.97
29.05,70.23,22.87,Sandy,Jowar,55,42,19,NPK,Mandya,7.06
38.19,33.01,5.0,Black,Cotton,56,55,42,Urea,Kalaburagi,7.86
30.31,42.4,34.34,Black,Maize,91,59,32,NPK,Raichur,7.79
19.88,90.06,62.93,Black,Maize,98,53,30,NPK,Uttara Kannada,7.62
23.41,66.72,30.0,Clay,Coffee,45,56,18,Farmyard Manure,Davangere,6.76
20.38,56.7,53.39,Clay,Coffee,45,56,27,Farmyard Manure,Chitradurga,5.96
32.31,31.53,19.13,Red,Groundnut,34,41,53,DAP,Ballari,5.96
25.12,68.84,77.07,Black,Sugarcane,123,104,25,DAP,Tumakuru,7.54
33.48,34.77,49.11,Red,Rice,110,67,52,Compost,Raichur,6.04
24.21,65.55,59.9,Red,Rice,99,54,42,NPK,Hubballi-Dharwad,6.08
25.78,40.94,38.67,Clay,Groundnut,54,51,59,DAP,Chikkamagaluru,7.29
25.94,81.29,54.22,Laterite,Jowar,48,34,16,NPK,Uttara Kannada,5.93
20.4,75.3,86.15,Clay,Rice,79,71,47,Urea,Uttara Kannada,6.42
35.1,34.22,17.61,Black,Maize,105,57,47,NPK,Ballari,7.87
27.15,62.24,47.05,Laterite,Tur,28,20,15,NPK,Mysuru,5.19
23.3,70.79,27.09,Sandy,Sunflower,58,65,28,NPK,Mysuru,6.79
27.1,80.09,22.96,Black,Jowar,44,57,31,NPK,Chikkamagaluru,7.17
38.64,37.28,51.6,Clay,Rice,73,62,31,Urea,Vijayapura,6.8
28.64,57.53,45.9,Clay,Coffee,46,63,19,Farmyard Manure,Chitradurga,6.57
30.64,40.71,29.6,Clay,Cotton,73,79,20,NPK,Vijayapura,6.65
27.18,82.74,71.39,Sandy,Groundnut,33,24,46,MOP,Dakshina Kannada,6.12
23.12,62.54,84.59,Laterite,Coffee,48,81,17,Farmyard Manure,Kolar,5.47
28.65,42.21,26.21,Clay,Jowar,57,56,17,NPK,Vijayapura,5.99
32.4,54.48,31.25,Red,Ragi,44,20,21,NPK,Belagavi,6.18
31.91,51.62,11.56,Red,Jowar,31,41,18,Urea,Ballari,6.06
33.49,38.77,15.31,Black,Jowar,49,36,22,Compost,Bidar,7.65
29.34,56.02,45.79,Sandy,Groundnut,19,23,32,Urea,Kolar,6.28
24.56,77.47,87.68,Clay,Rice,91,58,49,NPK,Udupi,6.65
31.43,50.38,37.29,Black,Cotton,55,66,28,Compost,Davangere,7.97
23.03,68.34,30.23,Black,Tur,42,36,20,Compost,Hassan,6.98
27.46,47.98,7.46,Sandy,Ragi,39,24,28,Urea,Davangere,7.15
29.97,35.8,52.66,Sandy,Sugarcane,135,121,53,Farmyard Manure,Vijayapura,6.55
27.51,87.27,94.33,Laterite,Rice,72,74,30,Urea,Dakshina Kannada,5.76
27.11,57.94,23.36,Clay,Tur,40,37,29,Urea,Tumakuru,7.18
32.89,62.72,44.46,Black,Rice,99,88,41,NPK,Davangere,6.78
25.42,61.52,30.26,Black,Ragi,44,39,23,NPK,Mandya,7.52
30.88,61.6,60.0,Red,Ragi,52,44,19,NPK,Mysuru,5.29
23.95,82.46,83.22,Sandy,Maize,76,21,27,MOP,Udupi,6.97
30.78,79.44,65.28,Black,Sugarcane,119,113,39,Farmyard Manure,Kolar,7.78
20.91,78.1,60.0,Laterite,Sunflower,52,53,36,MOP,Mangaluru,5.64
24.13,59.84,46.87,Clay,Cotton,96,58,24,NPK,Chikkamagaluru,6.73
33.5,49.33,9.47,Black,Ragi,36,38,21,NPK,Raichur,6.93
21.94,72.31,53.19,Laterite,Tur,24,22,17,NPK,Mysuru,5.36
28.66,80.3,62.11,Clay,Maize,68,49,26,Urea,Uttara Kannada,6.57
27.98,51.7,40.27,Sandy,Groundnut,22,29,63,DAP,Tumakuru,6.35
25.74,79.72,58.48,Red,Maize,94,57,40,Compost,Kolar,5.97
35.33,60.12,49.55,Black,Maize,86,69,44,NPK,Chitradurga,7.62
33.87,43.5,34.86,Clay,Cotton,74,64,36,Compost,Ballari,6.83
33.37,43.3,45.58,Black,Sugarcane,137,120,51,Farmyard Manure,Raichur,7.41
26.64,66.14,39.18,Red,Tur,23,29,24,NPK,Kolar,6.75
31.78,60.3,23.35,Sandy,Tur,31,29,34,NPK,Mandya,6.88
34.02,39.3,40.0,Clay,Rice,95,51,53,NPK,Ballari,7.37
29.44,48.6,36.72,Clay,Coffee,48,59,19,Farmyard Manure,Hubballi-Dharwad,7.76
27.27,88.41,60.99,Red,Groundnut,28,42,57,DAP,Udupi,4.84
27.75,67.16,36.97,Black,Groundnut,46,44,50,DAP,Davangere,6.42
29.94,38.91,31.11,Red,Coffee,46,51,19,Farmyard Manure,Vijayapura,5.32
28.4,42.0,60.27,Black,Rice,114,68,49,Compost,Raichur,7.22
26.95,88.61,34.2,Red,Sunflower,68,38,31,MOP,Dakshina Kannada,6.1
24.04,55.5,54.84,Black,Maize,106,63,38,NPK,Mysuru,7.05
36.08,51.61,49.46,Clay,Sugarcane,101,126,49,Urea,Belagavi,6.57
23.13,86.89,60.56,Black,Sugarcane,124,128,50,Farmyard Manure,Mangaluru,7.26
33.83,27.86,43.97,Black,Maize,77,62,29,Compost,Kalaburagi,6.73
26.6,48.98,34.1,Laterite,Sunflower,58,64,25,Compost,Hubballi-Dharwad,5.03
34.16,35.13,39.92,Clay,Tur,35,22,29,NPK,Raichur,6.34
25.46,71.68,55.78,Laterite,Groundnut,32,28,49,DAP,Hassan,5.07
32.78,44.88,59.41,Red,Tur,31,29,32,NPK,Davangere,5.8
34.9,65.48,64.36,Black,Maize,69,60,35,Urea,Kolar,7.63
28.72,42.37,23.07,Red,Maize,76,40,38,Compost,Ballari,5.57
23.01,68.42,77.91,Sandy,Sugarcane,91,121,51,Urea,Tumakuru,7.02
24.04,87.25,60.0,Sandy,Ragi,34,23,20,NPK,Mangaluru,6.97
21.85,71.61,87.12,Red,Rice,95,51,43,NPK,Mandya,5.87
22.74,71.87,84.11,Laterite,Sugarcane,117,115,47,Farmyard Manure,Mysuru,5.82
22.16,79.71,63.86,Laterite,Coffee,60,59,18,Farmyard Manure,Dakshina Kannada,5.1
29.56,62.02,18.41,Sandy,Maize,38,47,35,Urea,Chitradurga,6.35
17.73,62.14,66.47,Laterite,Coffee,40,54,20,Farmyard Manure,Hassan,5.77
25.36,53.76,46.98,Black,Rice,95,60,34,NPK,Hubballi-Dharwad,7.03
29.21,59.9,47.46,Laterite,Sunflower,56,59,24,Compost,Hassan,6.11
25.67,58.03,64.56,Black,Cotton,78,79,30,NPK,Mandya,6.57
33.88,59.03,47.53,Laterite,Cotton,58,57,21,NPK,Davangere,5.91
19.3,82.29,89.82,Clay,Coffee,45,68,21,Farmyard Manure,Udupi,6.89
31.4,53.29,55.18,Black,Groundnut,33,47,63,DAP,Davangere,6.89
24.34,73.82,86.87,Laterite,Cotton,64,57,31,Urea,Udupi,5.65
29.08,62.68,74.01,Clay,Sugarcane,159,107,57,Farmyard Manure,Mysuru,6.13
30.6,41.19,34.08,Red,Sugarcane,116,87,43,MOP,Ballari,6.46
24.04,68.73,48.14,Laterite,Sunflower,62,82,30,Urea,Chikkamagaluru,5.31
21.53,74.19,67.83,Laterite,Maize,78,49,29,NPK,Uttara Kannada,5.79
26.28,56.26,35.96,Black,Coffee,51,63,30,Farmyard Manure,Davangere,7.62
30.12,54.87,44.83,Laterite,Tur,19,23,14,DAP,Chitradurga,5.05
31.3,49.05,35.87,Red,Ragi,48,33,29,Urea,Belagavi,6.74
34.35,41.92,10.95,Black,Ragi,50,30,33,NPK,Vijayapura,7.69
29.75,66.02,5.0,Black,Sunflower,46,84,36,Compost,Belagavi,7.58
31.82,63.99,13.26,Black,Maize,74,53,33,Compost,Kolar,6.89
27.35,66.17,95.0,Black,Rice,96,73,26,DAP,Tumakuru,7.79
17.84,65.43,14.86,Black,Ragi,44,41,27,NPK,Belagavi,7.21
29.11,61.9,34.53,Red,Ragi,54,26,26,NPK,Tumakuru,6.5
23.67,81.39,68.73,Sandy,Maize,66,33,22,DAP,Mangaluru,7.21
20.6,63.95,30.0,Laterite,Coffee,41,63,17,Farmyard Manure,Bengaluru,6.08
21.19,83.65,60.0,Black,Jowar,53,62,19,NPK,Uttara Kannada,7.32
33.05,23.21,15.51,Red,Cotton,68,71,26,Urea,Kalaburagi,6.39
25.53,50.06,58.35,Clay,Coffee,39,66,18,Farmyard Manure,Chitradurga,6.42
23.37,62.52,71.27,Black,Rice,79,59,46,NPK,Kolar,7.54
31.51,33.74,42.96,Clay,Maize,99,52,38,NPK,Bidar,6.6
18.08,64.91,41.52,Clay,Coffee,43,66,25,Farmyard Manure,Mandya,6.64
24.86,53.39,51.86,Clay,Rice,82,71,44,NPK,Hassan,6.81
28.19,50.46,22.06,Red,Ragi,32,22,16,Compost,Vijayapura,4.94
23.11,64.41,56.5,Clay,Tur,34,32,29,Compost,Kolar,6.3
27.59,44.83,66.84,Sandy,Sugarcane,123,89,45,MOP,Bengaluru,6.63
22.32,75.1,49.71,Sandy,Sunflower,53,48,31,MOP,Hassan,6.58
30.0,58.96,59.82,Clay,Coffee,56,68,25,Farmyard Manure,Davangere,6.45
29.66,34.99,39.36,Black,Groundnut,40,37,60,DAP,Bidar,7.24
27.59,75.16,60.0,Sandy,Ragi,17,36,21,Urea,Udupi,6.74
22.85,78.12,55.13,Black,Ragi,49,40,17,Urea,Udupi,7.48
22.25,80.81,95.0,Clay,Coffee,48,73,17,Farmyard Manure,Dakshina Kannada,6.65
34.64,66.13,5.0,Clay,Maize,95,51,38,Compost,Davangere,7.24
26.75,85.28,92.93,Clay,Sugarcane,139,107,38,Farmyard Manure,Udupi,6.65
23.28,76.46,69.97,Black,Maize,59,53,44,Urea,Udupi,7.26
25.13,32.96,30.0,Red,Coffee,47,68,25,Farmyard Manure,Ballari,5.95
28.79,78.86,51.7,Sandy,Groundnut,33,35,58,DAP,Dakshina Kannada,6.56
29.67,73.97,30.71,Red,Tur,26,26,13,DAP,Mysuru,6.11
30.2,69.99,60.0,Red,Ragi,45,23,16,NPK,Kolar,5.93
32.1,36.41,17.4,Black,Cotton,85,72,37,Urea,Bidar,7.38
29.66,67.06,29.27,Sandy,Tur,11,17,32,Urea,Mysuru,7.64
27.01,53.63,53.66,Black,Jowar,39,53,20,NPK,Chikkamagaluru,6.92
27.02,26.65,57.34,Black,Coffee,56,59,23,Farmyard Manure,Vijayapura,7.85
31.14,53.67,38.86,Red,Ragi,26,30,24,NPK,Belagavi,6.42
26.4,60.74,47.27,Sandy,Ragi,40,22,17,Compost,Mandya,7.04
24.95,64.25,63.72,Laterite,Sugarcane,146,95,56,Farmyard Manure,Hassan,5.92
27.36,72.63,47.59,Clay,Rice,82,78,57,Urea,Hassan,6.78
23.92,82.35,38.61,Clay,Jowar,39,43,27,Compost,Mangaluru,6.09
24.57,77.85,80.92,Black,Rice,113,69,24,DAP,Dakshina Kannada,7.23
26.67,52.85,51.63,Clay,Rice,99,75,55,Compost,Davangere,6.42
31.99,45.92,5.0,Clay,Sunflower,69,57,33,Urea,Kalaburagi,6.0
25.07,72.72,59.56,Black,Sugarcane,134,108,49,Farmyard Manure,Kolar,7.51
25.29,64.59,32.86,Sandy,Tur,21,40,31,Urea,Kolar,6.36
26.45,67.7,79.2,Black,Maize,75,49,44,Urea,Kolar,6.86
25.58,72.68,60.0,Sandy,Ragi,44,18,24,Urea,Dakshina Kannada,7.5
29.8,78.46,42.24,Red,Maize,71,71,40,Compost,Tumakuru,5.72
23.42,60.69,40.44,Red,Maize,93,46,37,NPK,Hassan,5.49
26.07,60.59,34.72,Laterite,Ragi,47,38,24,Compost,Bengaluru,4.38
26.09,80.77,74.54,Laterite,Groundnut,29,44,53,DAP,Uttara Kannada,5.03
26.05,55.08,46.01,Red,Tur,36,30,31,NPK,Hubballi-Dharwad,5.57
26.93,49.33,53.67,Red,Cotton,66,53,25,NPK,Bengaluru,5.1
24.9,57.99,29.24,Red,Ragi,40,35,18,Urea,Hubballi-Dharwad,5.94
24.45,84.16,60.0,Clay,Sunflower,69,89,17,DAP,Mangaluru,6.55
29.72,44.73,61.78,Black,Rice,87,78,45,Urea,Bidar,6.71
29.05,40.62,34.86,Clay,Coffee,53,77,27,Farmyard Manure,Vijayapura,6.69
29.9,53.25,37.45,Laterite,Maize,77,56,34,NPK,Chitradurga,5.17
22.06,56.14,39.79,Laterite,Coffee,57,49,15,Farmyard Manure,Hassan,4.61
21.79,78.01,71.82,Black,Cotton,73,60,35,Urea,Dakshina Kannada,7.07
27.71,64.03,40.28,Red,Ragi,35,19,22,NPK,Bengaluru,6.46
24.49,67.65,48.89,Sandy,Maize,58,19,31,Urea,Bengaluru,6.75
36.67,48.25,5.0,Red,Tur,31,20,23,Urea,Raichur,5.65
20.89,72.16,60.0,Sandy,Ragi,34,24,24,Compost,Dakshina Kannada,7.08
20.57,68.52,60.0,Red,Jowar,54,35,29,NPK,Uttara Kannada,6.15
30.23,42.26,5.0,Clay,Cotton,74,57,19,DAP,Bidar,6.83
25.84,70.98,63.36,Black,Rice,108,85,49,Urea,Udupi,7.37
22.41,87.54,60.18,Clay,Coffee,51,67,12,Farmyard Manure,Uttara Kannada,6.49
31.84,50.11,48.44,Black,Rice,97,55,31,Compost,Hubballi-Dharwad,6.26
22.98,77.24,69.94,Laterite,Sugarcane,90,121,37,Urea,Uttara Kannada,5.19
24.9,74.18,33.38,Laterite,Maize,82,51,32,NPK,Mandya,6.28
26.79,59.56,54.66,Black,Rice,113,62,41,Compost,Tumakuru,7.7
27.07,60.45,48.13,Laterite,Ragi,53,29,20,NPK,Mysuru,5.68
30.7,73.06,30.94,Red,Sugarcane,116,94,35,MOP,Hassan,6.13
29.73,56.12,70.69,Red,Groundnut,25,44,54,DAP,Bengaluru,5.56
25.8,49.48,30.0,Clay,Coffee,43,79,25,Farmyard Manure,Kalaburagi,5.92
27.26,76.21,95.0,Clay,Rice,103,73,20,DAP,Dakshina Kannada,5.93
27.16,81.86,86.05,Black,Groundnut,42,53,48,DAP,Dakshina Kannada,7.49
27.25,83.6,95.0,Clay,Maize,66,45,35,Compost,Dakshina Kannada,6.4
29.06,69.38,34.42,Black,Tur,28,37,26,NPK,Mandya,7.32
29.57,60.46,72.02,Clay,Groundnut,35,24,32,DAP,Kolar,6.25
34.54,23.76,47.42,Clay,Rice,94,58,42,Compost,Kalaburagi,7.02
33.22,46.09,35.99,Clay,Jowar,76,41,17,NPK,Ballari,6.33
28.5,52.81,29.58,Clay,Maize,77,70,39,NPK,Davangere,6.81
26.71,59.21,52.93,Black,Rice,66,74,37,Urea,Davangere,6.85
25.04,55.27,71.46,Clay,Sugarcane,109,115,44,Farmyard Manure,Davangere,5.9
26.74,66.39,32.24,Red,Maize,70,57,42,NPK,Mysuru,6.34
23.49,88.75,66.62,Sandy,Cotton,49,45,32,Urea,Mangaluru,7.55
29.25,49.53,25.97,Clay,Tur,33,21,23,Compost,Kalaburagi,6.47
34.49,35.74,22.53,Red,Tur,41,24,14,DAP,Kalaburagi,5.64
37.94,40.27,5.0,Red,Jowar,50,35,17,NPK,Kalaburagi,6.14
30.46,35.12,31.75,Red,Ragi,25,18,22,Compost,Kalaburagi,6.06
25.6,89.15,70.51,Laterite,Tur,21,26,24,Urea,Uttara Kannada,5.47
25.4,77.3,50.7,Sandy,Ragi,47,16,21,Compost,Mangaluru,7.54
23.08,69.79,47.64,Black,Maize,93,52,46,NPK,Mandya,6.74
28.91,58.39,14.72,Red,Ragi,44,22,29,Compost,Kolar,5.75
28.65,58.13,56.09,Clay,Coffee,46,56,27,Farmyard Manure,Mysuru,7.25
27.45,62.33,50.96,Black,Sugarcane,135,92,52,MOP,Bengaluru,7.09
24.68,79.81,66.81,Black,Maize,68,64,39,Urea,Dakshina Kannada,7.02
27.43,52.81,19.22,Black,Maize,78,44,43,NPK,Chitradurga,7.13
34.88,42.88,20.9,Sandy,Tur,30,23,24,Compost,Kalaburagi,6.32
28.78,73.42,39.72,Black,Cotton,63,63,26,Urea,Bengaluru,7.58
28.24,77.19,25.8,Laterite,Sunflower,59,97,24,Urea,Mandya,6.02
23.03,62.24,57.76,Clay,Sugarcane,133,104,43,Farmyard Manure,Chikkamagaluru,6.6
26.7,66.12,21.51,Laterite,Jowar,30,34,10,Urea,Mandya,5.89
